2,0,18,1,0,(変更不可)北海道,hokkaido,,1,system,"2016-07-20 03:09:00",B57190,"2016-11-16 09:44:00",26,43.0642780000000,141.3467850000000
3,2,1,2,1,(変更不可)札幌市,sapporo,,1,system,"2016-07-20 03:09:00",system,"2016-07-20 03:09:00",1,43.0619450000000,141.3543950000000
4,2,2,2,1,(変更不可)函館市,hakodate-shi,,1,system,"2016-07-20 03:09:00",system,"2016-07-20 03:09:00",1,41.7686790000000,140.7291270000000
5,2,4,2,1,(変更不可)旭川市,asahikawa,,1,system,"2016-07-20 03:09:00",system,"2016-07-20 03:09:00",1,43.7708460000000,142.3648520000000
7,0,20,1,0,(変更不可)青森県,aomori,,1,system,"2016-07-20 03:09:00",B57190,"2016-11-16 09:44:00",27,40.8243380000000,140.7400870000000
8,7,1,2,1,(変更不可)青森市,aomori-shi,,1,system,"2016-07-20 03:09:00",system,"2016-07-20 03:09:00",1,40.8221160000000,140.7475870000000
10,0,21,1,0,(変更不可)岩手県,iwate,,1,system,"2016-07-20 03:09:00",B57190,"2016-11-16 09:44:00",29,39.7036470000000,141.1525920000000
11,10,1,2,1,(変更不可)盛岡市,morioka,,1,system,"2016-07-20 03:09:00",system,"2016-07-20 03:09:00",1,39.7019810000000,141.1542590000000
13,0,22,1,0,(変更不可)宮城県,miyagi,,1,system,"2016-07-20 03:09:00",B57190,"2016-11-16 09:44:00",29,38.2688030000000,140.8718460000000
14,13,1,2,1,(変更不可)仙台市,sendaicity,,1,system,"2016-07-20 03:09:00",system,"2016-07-20 03:09:00",1,38.2679700000000,140.8696250000000
16,0,23,1,0,(変更不可)秋田県,akita,,1,system,"2016-07-20 03:09:00",B57190,"2016-11-16 09:44:00",30,39.7180580000000,140.1032500000000
17,16,1,2,1,(変更不可)秋田市,akita-shi,,1,system,"2016-07-20 03:09:00",system,"2016-07-20 03:09:00",1,39.7197240000000,140.1024170000000
19,0,25,1,1,(変更不可)山形県,yamagata,,1,system,"2016-07-20 03:09:00",B57190,"2016-11-16 09:44:00",30,38.2404570000000,140.3632780000000
20,0,24,1,0,(変更不可)福島県,fukushima,,1,system,"2016-07-20 03:09:00",B57190,"2016-11-16 09:44:00",29,37.7499570000000,140.4677340000000
21,20,2,2,1,(変更不可)郡山市,koriyama,,1,system,"2016-07-20 03:09:00",system,"2016-07-20 03:09:00",1,37.4005480000000,140.3597020000000
22,20,3,2,1,(変更不可)いわき市,iwakicity,,1,system,"2016-07-20 03:09:00",system,"2016-07-20 03:09:00",1,37.0506020000000,140.8877260000000
26,783,21,2,1,(変更不可)足立区,adachi-ku,,1,system,"2016-07-20 03:09:00",system,"2016-07-20 03:09:00",1,35.7749220000000,139.8045920000000
27,783,18,2,1,(変更不可)荒川区,arakawa-ku,,1,system,"2016-07-20 03:09:00",system,"2016-07-20 03:09:00",1,35.7361780000000,139.7833200000000
28,783,19,2,1,(変更不可)板橋区,itabashi-ku,,1,system,"2016-07-20 03:09:00",system,"2016-07-20 03:09:00",1,35.7509780000000,139.7092960000000
29,783,23,2,1,(変更不可)江戸川区,edogawa-ku,,1,system,"2016-07-20 03:09:00",system,"2016-07-20 03:09:00",1,35.7066530000000,139.8683120000000
30,783,11,2,1,(変更不可)大田区,ota-ku,,1,system,"2016-07-20 03:09:00",system,"2016-07-20 03:09:00",1,35.5613890000000,139.7160810000000
31,783,22,2,1,(変更不可)葛飾区,katsushika,,1,system,"2016-07-20 03:09:00",system,"2016-07-20 03:09:00",1,35.7434270000000,139.8472010000000
32,783,17,2,1,(変更不可)北区,kita-ku,,1,system,"2016-07-20 03:09:00",system,"2016-07-20 03:09:00",1,35.7527840000000,139.7336830000000
33,783,8,2,1,(変更不可)江東区,kotoward,,1,system,"2016-07-20 03:09:00",system,"2016-07-20 03:09:00",1,35.6731560000000,139.8171510000000
34,783,9,2,1,(変更不可)品川区,shinagawa-ku,,1,system,"2016-07-20 03:09:00",system,"2016-07-20 03:09:00",1,35.6089670000000,139.7301890000000
35,783,13,2,1,(変更不可)渋谷区,shibuyaward,,1,system,"2016-07-20 03:09:00",system,"2016-07-20 03:09:00",1,35.6619930000000,139.7037130000000
36,783,4,2,1,(変更不可)新宿区,shinjukuward,,1,system,"2016-07-20 03:09:00",system,"2016-07-20 03:09:00",1,35.6939840000000,139.7035210000000
37,783,15,2,1,(変更不可)杉並区,suginami,,1,system,"2016-07-20 03:09:00",system,"2016-07-20 03:09:00",1,35.6995650000000,139.6364990000000
38,783,7,2,1,(変更不可)墨田区,sumida-ku,,1,system,"2016-07-20 03:09:00",system,"2016-07-20 03:09:00",1,35.7105680000000,139.8017070000000
39,783,12,2,1,(変更不可)世田谷区,setagaya,,1,system,"2016-07-20 03:09:00",system,"2016-07-20 03:09:00",1,35.6462110000000,139.6531660000000
40,783,6,2,1,(変更不可)台東区,taito,,1,system,"2016-07-20 03:09:00",system,"2016-07-20 03:09:00",1,35.7126230000000,139.7800150000000
41,783,2,2,1,(変更不可)中央区,chuo-ku,,1,system,"2016-07-20 03:09:00",system,"2016-07-20 03:09:00",1,35.6707660000000,139.7721270000000
42,783,1,2,1,(変更不可)千代田区,chiyodaward,,1,system,"2016-07-20 03:09:00",system,"2016-07-20 03:09:00",1,35.6940030000000,139.7536340000000
43,783,16,2,1,(変更不可)豊島区,toshimaward,,1,system,"2016-07-20 03:09:00",system,"2016-07-20 03:09:00",1,35.7261260000000,139.7165970000000
44,783,14,2,1,(変更不可)中野区,nakano,,1,system,"2016-07-20 03:09:00",system,"2016-07-20 03:09:00",1,35.7074260000000,139.6639130000000
45,783,20,2,1,(変更不可)練馬区,nerima-ku,,1,system,"2016-07-20 03:09:00",system,"2016-07-20 03:09:00",1,35.7356450000000,139.6522460000000
46,783,5,2,1,(変更不可)文京区,bunkyoku,,1,system,"2016-07-20 03:09:00",system,"2016-07-20 03:09:00",1,35.7079560000000,139.7522660000000
47,783,3,2,1,(変更不可)港区,minato-ku,,1,system,"2016-07-20 03:09:00",system,"2016-07-20 03:09:00",1,35.6580730000000,139.7515460000000
48,783,10,2,1,(変更不可)目黒区,meguro,,1,system,"2016-07-20 03:09:00",system,"2016-07-20 03:09:00",1,35.6414070000000,139.6982740000000
49,783,24,2,1,(変更不可)八王子市,hachiojicity,,1,system,"2016-07-20 03:09:00",system,"2016-07-20 03:09:00",1,35.6665060000000,139.3158880000000
50,0,3,1,0,(変更不可)神奈川県,kanagawa,,1,system,"2016-07-20 03:09:00",B57190,"2016-11-16 09:43:00",9,35.4477100000000,139.6425360000000
51,50,1,2,1,(変更不可)横浜市鶴見区,tsurumi-kuyokohama-shi,,1,system,"2016-07-20 03:09:00",system,"2016-07-20 03:09:00",1,35.5083410000000,139.6823960000000
52,50,19,2,1,(変更不可)川崎市,kawasakicity,,1,system,"2016-07-20 03:09:00",system,"2016-07-20 03:09:00",1,35.5308110000000,139.7030290000000
53,50,20,2,1,(変更不可)相模原市,sagamiharacity,,1,system,"2016-07-20 03:09:00",system,"2016-07-20 03:09:00",1,35.5714070000000,139.3732200000000
54,50,21,2,1,(変更不可)横須賀市,yokosuka,,1,system,"2016-07-20 03:09:00",system,"2016-07-20 03:09:00",1,35.2814790000000,139.6721170000000
55,50,22,2,1,(変更不可)平塚市,hiratsuka,,1,system,"2016-07-20 03:09:00",system,"2016-07-20 03:09:00",1,35.3356070000000,139.3495590000000
56,0,5,1,0,(変更不可)埼玉県,saitama,,1,system,"2016-07-20 03:09:00",B57190,"2016-11-16 09:44:00",9,35.8569070000000,139.6488540000000
57,56,1,2,1,(変更不可)さいたま市西区,saitama-shinishi-ku,,1,system,"2016-07-20 03:09:00",B57190,"2016-11-16 09:44:00",3,35.9251030000000,139.5798120000000
58,56,11,2,1,(変更不可)川越市,kawagoe-shi,,1,system,"2016-07-20 03:09:00",B57190,"2016-11-16 09:44:00",3,35.9251170000000,139.4858370000000
59,56,12,2,1,(変更不可)熊谷市,kumagaya-shi,,1,system,"2016-07-20 03:09:00",B57190,"2016-11-16 09:44:00",3,36.1473340000000,139.3886180000000
60,0,4,1,0,(変更不可)千葉県,chiba,,1,system,"2016-07-20 03:09:00",B57190,"2016-11-16 09:43:00",6,35.6045880000000,140.1231840000000
61,60,1,2,1,(変更不可)千葉市,chiba-shi,,1,system,"2016-07-20 03:09:00",system,"2016-07-20 03:09:00",1,35.6072240000000,140.1064070000000
62,60,2,2,1,(変更不可)船橋市,funabashi,,1,system,"2016-07-20 03:09:00",system,"2016-07-20 03:09:00",1,35.6946000000000,139.9825260000000
63,60,3,2,1,(変更不可)柏市,kashiwa-shi,,1,system,"2016-07-20 03:09:00",system,"2016-07-20 03:09:00",1,35.8681620000000,139.9763520000000
64,60,4,2,1,(変更不可)銚子市,choshi,,1,system,"2016-07-20 03:09:00",system,"2016-07-20 03:09:00",1,35.7346450000000,140.8266940000000
65,0,9,1,0,(変更不可)栃木県,tochigi,,1,system,"2016-07-20 03:09:00",B57190,"2016-11-16 09:44:00",11,36.5656890000000,139.8835280000000
66,65,1,2,1,(変更不可)宇都宮市,utsunomiya-shi,,1,system,"2016-07-20 03:09:00",B57190,"2016-11-16 09:27:00",3,36.5551900000000,139.8826680000000
68,0,7,1,0,(変更不可)茨城県,ibaraki,,1,system,"2016-07-20 03:09:00",B57190,"2016-11-16 09:44:00",11,36.3414500000000,140.4467350000000
69,0,6,1,0,(変更不可)群馬県,gunma,,1,system,"2016-07-20 03:09:00",B57190,"2016-11-16 09:44:00",12,36.3911920000000,139.0609470000000
70,69,1,2,1,(変更不可)前橋市,maebashi,,1,system,"2016-07-20 03:09:00",B61509,"2016-11-07 08:55:00",3,36.3892760000000,139.0635580000000
71,69,2,2,1,(変更不可)高崎市,takasaki,,1,system,"2016-07-20 03:09:00",B61509,"2016-11-07 08:55:00",3,36.3218650000000,139.0035650000000
72,69,3,2,1,(変更不可)桐生市,kiryushi,,1,system,"2016-07-20 03:09:00",B61509,"2016-11-07 08:55:00",3,36.4051680000000,139.3305850000000
74,0,11,1,0,(変更不可)愛知県,aichi,,1,system,"2016-07-20 03:09:00",B57190,"2016-11-16 09:44:00",29,35.1801980000000,136.9067390000000
75,74,1,2,1,(変更不可)名古屋市,nagoyacity,,1,system,"2016-07-20 03:09:00",system,"2016-07-20 03:09:00",1,35.1817540000000,136.9064890000000
76,74,2,2,1,(変更不可)豊橋市,toyohashi,,1,system,"2016-07-20 03:09:00",system,"2016-07-20 03:09:00",1,34.7692070000000,137.3915100000000
77,74,3,2,1,(変更不可)豊田市,toyota-shi,,1,system,"2016-07-20 03:09:00",system,"2016-07-20 03:09:00",1,35.0833860000000,137.1564120000000
78,74,4,2,1,(変更不可)岡崎市,okazaki,,1,system,"2016-07-20 03:09:00",system,"2016-07-20 03:09:00",1,34.9548450000000,137.1730230000000
79,74,5,2,1,(変更不可)一宮市,ichinomiya,,1,system,"2016-07-20 03:09:00",system,"2016-07-20 03:09:00",1,35.3041260000000,136.8024650000000
80,0,26,1,0,(変更不可)岐阜県,gifu,,1,system,"2016-07-20 03:09:00",B57190,"2016-11-16 09:44:00",35,35.3911990000000,136.7221680000000
81,80,1,2,1,(変更不可)岐阜市,gifu-shi,,1,system,"2016-07-20 03:09:00",system,"2016-07-20 03:09:00",1,35.4233620000000,136.7608010000000
83,0,10,1,0,(変更不可)静岡県,shizuoka,,1,system,"2016-07-20 03:09:00",B57190,"2016-11-16 09:44:00",28,34.9769060000000,138.3830230000000
84,83,1,2,1,(変更不可)静岡市,shizuokacity,,1,system,"2016-07-20 03:09:00",system,"2016-07-20 03:09:00",1,34.9750450000000,138.3837170000000
85,83,2,2,1,(変更不可)浜松市,hamamatsu,,1,system,"2016-07-20 03:09:00",system,"2016-07-20 03:09:00",1,34.7108370000000,137.7267590000000
86,154,3,2,1,(変更不可)大牟田市,omutacity,,1,system,"2016-07-20 03:09:00",system,"2016-07-20 03:09:00",1,33.0303480000000,130.4460120000000
87,0,12,1,1,(変更不可)三重県,mie,,1,system,"2016-07-20 03:09:00",B57190,"2016-11-16 09:44:00",25,34.7302680000000,136.5085940000000
88,0,27,1,0,(変更不可)新潟県,niigata,,1,system,"2016-07-20 03:09:00",B57190,"2016-11-16 09:44:00",26,37.9022380000000,139.0235310000000
89,88,1,2,1,(変更不可)新潟市,niigatacity,,1,system,"2016-07-20 03:09:00",system,"2016-07-20 03:09:00",1,37.9160980000000,139.0363630000000
91,0,8,1,1,(変更不可)山梨県,yamanashi,,1,system,"2016-07-20 03:09:00",B57190,"2016-11-16 09:44:00",23,35.6639350000000,138.5683790000000
92,0,28,1,0,(変更不可)長野県,nagano,,1,system,"2016-07-20 03:09:00",B57190,"2016-11-16 09:44:00",21,36.6513100000000,138.1809910000000
93,92,1,2,1,(変更不可)長野市,naganocity,,1,system,"2016-07-20 03:09:00",system,"2016-07-20 03:09:00",1,36.6485330000000,138.1942950000000
95,0,29,1,0,(変更不可)石川県,ishikawa,,1,system,"2016-07-20 03:09:00",B57190,"2016-11-16 09:44:00",20,36.5946520000000,136.6257250000000
96,95,1,2,1,(変更不可)金沢市,kanazawa,,1,system,"2016-07-20 03:09:00",system,"2016-07-20 03:09:00",1,36.5609440000000,136.6567630000000
98,0,30,1,0,(変更不可)富山県,toyama,,1,system,"2016-07-20 03:09:00",B57190,"2016-11-16 09:44:00",21,36.6951900000000,137.2113410000000
99,98,1,2,1,(変更不可)富山市,cityoftoyama,,1,system,"2016-07-20 03:09:00",system,"2016-07-20 03:09:00",1,36.6958010000000,137.2136180000000
101,0,31,1,1,(変更不可)福井県,fukui,,1,system,"2016-07-20 03:09:00",B57190,"2016-11-16 09:44:00",20,36.0652440000000,136.2217910000000
103,0,13,1,0,(変更不可)大阪府,osaka,,1,system,"2016-07-20 03:09:00",B57190,"2016-11-16 09:44:00",37,34.6863940000000,135.5199940000000
104,103,1,2,1,(変更不可)大阪市,osaka-shi,,1,system,"2016-07-20 03:09:00",system,"2016-07-20 03:09:00",1,34.6938370000000,135.5021350000000
105,103,2,2,1,(変更不可)堺市,sakai,,1,system,"2016-07-20 03:09:00",system,"2016-07-20 03:09:00",1,34.5736840000000,135.4828610000000
106,103,4,2,1,(変更不可)豊中市,toyonaka,,1,system,"2016-07-20 03:09:00",system,"2016-07-20 03:09:00",1,34.7812430000000,135.4699130000000
107,103,8,2,1,(変更不可)高槻市,takatsuki-shi,,1,system,"2016-07-20 03:09:00",system,"2016-07-20 03:09:00",1,34.8460170000000,135.6172880000000
108,103,11,2,1,(変更不可)枚方市,hirakata,,1,system,"2016-07-20 03:09:00",system,"2016-07-20 03:09:00",1,34.8144930000000,135.6508410000000
109,103,28,2,1,(変更不可)東大阪市,higashiosakacity,,1,system,"2016-07-20 03:09:00",system,"2016-07-20 03:09:00",1,34.6794720000000,135.6008930000000
110,103,3,2,1,(変更不可)岸和田市,kishiwadacity,,1,system,"2016-07-20 03:09:00",system,"2016-07-20 03:09:00",1,34.4603610000000,135.3710680000000
111,0,14,1,0,(変更不可)兵庫県,hyogo,,1,system,"2016-07-20 03:09:00",B57190,"2016-11-16 09:44:00",36,34.6913040000000,135.1829950000000
112,111,1,2,1,(変更不可)神戸市,kobecity,,1,system,"2016-07-20 03:09:00",system,"2016-07-20 03:09:00",1,34.6901100000000,135.1954660000000
113,111,2,2,1,(変更不可)姫路市,himejicity,,1,system,"2016-07-20 03:09:00",system,"2016-07-20 03:09:00",1,34.8153680000000,134.6854850000000
114,111,3,2,1,(変更不可)尼崎市,amagasaki,,1,system,"2016-07-20 03:09:00",system,"2016-07-20 03:09:00",1,34.7333590000000,135.4063920000000
115,111,5,2,1,(変更不可)西宮市,nishinomiya,,1,system,"2016-07-20 03:09:00",system,"2016-07-20 03:09:00",1,34.7378290000000,135.3418970000000
116,111,4,2,1,(変更不可)明石市,akashi-shi,,1,system,"2016-07-20 03:09:00",system,"2016-07-20 03:09:00",1,34.6430850000000,134.9975120000000
117,0,15,1,0,(変更不可)京都府,kyoto,,1,system,"2016-07-20 03:09:00",B57190,"2016-11-16 09:44:00",33,35.0212790000000,135.7556350000000
118,117,1,2,1,(変更不可)京都市,kyotocity,,1,system,"2016-07-20 03:09:00",system,"2016-07-20 03:09:00",1,35.0116410000000,135.7681900000000
120,0,16,1,0,(変更不可)滋賀県,shiga,,1,system,"2016-07-20 03:09:00",B57190,"2016-11-16 09:44:00",30,35.0043940000000,135.8682920000000
121,120,1,2,1,(変更不可)大津市,otsu,,1,system,"2016-07-20 03:09:00",system,"2016-07-20 03:09:00",1,35.0177540000000,135.8547100000000
122,120,2,2,1,(変更不可)彦根市,hikonecity,,1,system,"2016-07-20 03:09:00",system,"2016-07-20 03:09:00",1,35.2743440000000,136.2597500000000
123,0,19,1,0,(変更不可)奈良県,nara,,1,system,"2016-07-20 03:09:00",B57190,"2016-11-16 09:44:00",28,34.6852310000000,135.8328830000000
124,123,1,2,1,(変更不可)奈良市,naracity,,1,system,"2016-07-20 03:09:00",B57190,"2016-11-16 09:32:00",3,34.6850640000000,135.8048300000000
125,123,2,2,1,(変更不可)大和高田市,yamatotakadacity,,1,system,"2016-07-20 03:09:00",B57190,"2016-11-16 09:32:00",3,34.5148870000000,135.7364500000000
126,0,17,1,0,(変更不可)和歌山県,wakayama,,1,system,"2016-07-20 03:09:00",B57190,"2016-11-16 09:44:00",24,34.2259940000000,135.1674500000000
127,126,1,2,1,(変更不可)和歌山市,wakayama-shi,,1,system,"2016-07-20 03:09:00",system,"2016-07-20 03:09:00",1,34.2304110000000,135.1708100000000
128,126,2,2,1,(変更不可)海南市,hainancity,,1,system,"2016-07-20 03:09:00",system,"2016-07-20 03:09:00",1,34.1555600000000,135.2091420000000
130,0,32,1,0,(変更不可)岡山県,okayama,,1,system,"2016-07-20 03:09:00",B57190,"2016-11-16 09:44:00",40,34.6617590000000,133.9348940000000
131,130,1,2,1,(変更不可)岡山市,okayamacity,,1,system,"2016-07-20 03:09:00",system,"2016-07-20 03:09:00",1,34.6550930000000,133.9198130000000
132,130,2,2,1,(変更不可)倉敷市,kurashiki,,1,system,"2016-07-20 03:09:00",system,"2016-07-20 03:09:00",1,34.5850410000000,133.7720480000000
134,0,33,1,0,(変更不可)広島県,hiroshima,,1,system,"2016-07-20 03:09:00",B57190,"2016-11-16 09:44:00",40,34.3962710000000,132.4593690000000
135,134,2,2,1,(変更不可)広島市,hiroshimacity,,1,system,"2016-07-20 03:09:00",system,"2016-07-20 03:09:00",1,34.3852160000000,132.4553700000000
136,134,4,2,1,(変更不可)福山市,fukuyama,,1,system,"2016-07-20 03:09:00",system,"2016-07-20 03:09:00",1,34.4858570000000,133.3623650000000
138,0,34,1,1,(変更不可)鳥取県,tottori,,1,system,"2016-07-20 03:09:00",B57190,"2016-11-16 09:44:00",35,35.5037040000000,134.2381740000000
139,0,35,1,1,(変更不可)島根県,shimane,,1,system,"2016-07-20 03:09:00",B57190,"2016-11-16 09:44:00",30,35.4722120000000,133.0505300000000
140,0,36,1,0,(変更不可)山口県,yamaguchi,,1,system,"2016-07-20 03:09:00",B57190,"2016-11-16 09:44:00",25,34.1858590000000,131.4714010000000
143,0,37,1,0,(変更不可)香川県,kagawa,,1,system,"2016-07-20 03:09:00",B57190,"2016-11-16 09:44:00",21,34.3401600000000,134.0433900000000
144,143,5,2,1,(変更不可)高松市,takamatsu,,1,system,"2016-07-20 03:09:00",system,"2016-07-20 03:09:00",1,34.3427980000000,134.0466680000000
146,0,38,1,1,(変更不可)徳島県,tokushima,,1,system,"2016-07-20 03:09:00",B57190,"2016-11-16 09:44:00",18,34.0657280000000,134.5594840000000
147,0,39,1,0,(変更不可)愛媛県,ehime,,1,system,"2016-07-20 03:09:00",B57190,"2016-11-16 09:44:00",16,33.8416460000000,132.7661030000000
148,147,9,2,1,(変更不可)松山市,matsuyama,,1,system,"2016-07-20 03:09:00",system,"2016-07-20 03:09:00",1,33.8392010000000,132.7655750000000
150,0,40,1,0,(変更不可)高知県,kochi,,1,system,"2016-07-20 03:09:00",B57190,"2016-11-16 09:44:00",16,33.5597530000000,133.5311150000000
151,150,1,2,1,(変更不可)高知市,kochicity,,1,system,"2016-07-20 03:09:00",system,"2016-07-20 03:09:00",1,33.5587810000000,133.5313370000000
154,0,41,1,0,(変更不可)福岡県,fukuoka,,1,system,"2016-07-20 03:09:00",B57190,"2016-11-16 09:44:00",48,33.6062610000000,130.4181140000000
155,154,1,2,1,(変更不可)北九州市,kitakyushu,,1,system,"2016-07-20 03:09:00",system,"2016-07-20 03:09:00",1,33.8834060000000,130.8751790000000
156,154,2,2,1,(変更不可)福岡市,fukuokacity,,1,system,"2016-07-20 03:09:00",system,"2016-07-20 03:09:00",1,33.5900960000000,130.4017540000000
157,154,4,2,1,(変更不可)久留米市,kurume-shi,,1,system,"2016-07-20 03:09:00",system,"2016-07-20 03:09:00",1,33.3192910000000,130.5083890000000
159,0,42,1,1,(変更不可)佐賀県,saga,,1,system,"2016-07-20 03:09:00",B57190,"2016-11-16 09:44:00",44,33.2493220000000,130.2987990000000
160,0,43,1,0,(変更不可)長崎県,nagasaki,,1,system,"2016-07-20 03:09:00",B57190,"2016-11-16 09:44:00",39,32.7448360000000,129.8735140000000
161,160,1,2,1,(変更不可)長崎市,nagasaki-shi,,1,system,"2016-07-20 03:09:00",system,"2016-07-20 03:09:00",1,32.7502520000000,129.8777920000000
163,0,44,1,0,(変更不可)熊本県,kumamoto,,1,system,"2016-07-20 03:09:00",B57190,"2016-11-16 09:44:00",34,32.7903740000000,130.7411340000000
164,163,2,2,1,(変更不可)熊本市,kumamoto-shi,,1,system,"2016-07-20 03:09:00",system,"2016-07-20 03:09:00",1,32.8032330000000,130.7081350000000
166,0,45,1,0,(変更不可)大分県,oita,,1,system,"2016-07-20 03:09:00",B57190,"2016-11-16 09:44:00",28,33.2381280000000,131.6126050000000
167,166,1,2,1,(変更不可)大分市,oita-shi,,1,system,"2016-07-20 03:09:00",system,"2016-07-20 03:09:00",1,33.2394610000000,131.6096880000000
169,0,46,1,0,(変更不可)宮崎県,miyazaki,,1,system,"2016-07-20 03:09:00",B57190,"2016-11-16 09:44:00",23,31.9109750000000,131.4238630000000
170,169,3,2,1,(変更不可)宮崎市,miyazaki-shi,,1,system,"2016-07-20 03:09:00",system,"2016-07-20 03:09:00",1,31.9076700000000,131.4201970000000
172,0,47,1,0,(変更不可)鹿児島県,kagoshima,,1,system,"2016-07-20 03:09:00",B57190,"2016-11-16 09:44:00",19,31.5601850000000,130.5581410000000
173,172,3,2,1,(変更不可)鹿児島市,kagoshima-shi,,1,system,"2016-07-20 03:09:00",system,"2016-07-20 03:09:00",1,31.5967920000000,130.5573350000000
175,0,48,1,0,(変更不可)沖縄県,okinawa,,1,system,"2016-07-20 03:09:00",B57190,"2016-11-16 09:44:00",16,26.2123650000000,127.6809750000000
176,175,6,2,1,(変更不可)那覇市,naha-shi,,1,system,"2016-07-20 03:09:00",system,"2016-07-20 03:09:00",1,26.2122950000000,127.6792180000000
178,783,25,2,1,(変更不可)立川市,tachikawa,,1,system,"2016-07-20 03:09:00",system,"2016-07-20 03:09:00",1,35.7139810000000,139.4078460000000
179,783,26,2,1,(変更不可)武蔵野市,musashino,,1,system,"2016-07-20 03:09:00",system,"2016-07-20 03:09:00",1,35.7178670000000,139.5661990000000
180,783,27,2,1,(変更不可)三鷹市,mitaka,,1,system,"2016-07-20 03:09:00",system,"2016-07-20 03:09:00",1,35.6833150000000,139.5594780000000
181,783,28,2,1,(変更不可)青梅市,oumecity,,1,system,"2016-07-20 03:09:00",system,"2016-07-20 03:09:00",1,35.7881850000000,139.2749710000000
182,783,29,2,1,(変更不可)府中市,fuchu-shi,,1,system,"2016-07-20 03:09:00",system,"2016-07-20 03:09:00",1,35.6689540000000,139.4776520000000
183,783,30,2,1,(変更不可)昭島市,akishima-shi,,1,system,"2016-07-20 03:09:00",system,"2016-07-20 03:09:00",1,35.7056690000000,139.3535230000000
184,783,31,2,1,(変更不可)調布市,chofu,,1,system,"2016-07-20 03:09:00",system,"2016-07-20 03:09:00",1,35.6506520000000,139.5409260000000
185,783,32,2,1,(変更不可)町田市,machida-shi,,1,system,"2016-07-20 03:09:00",system,"2016-07-20 03:09:00",1,35.5466440000000,139.4385620000000
187,783,34,2,1,(変更不可)小平市,kodaira,,1,system,"2016-07-20 03:09:00",system,"2016-07-20 03:09:00",1,35.7285020000000,139.4774830000000
188,783,35,2,1,(変更不可)日野市,hino,,1,system,"2016-07-20 03:09:00",system,"2016-07-20 03:09:00",1,35.6713960000000,139.3949370000000
189,783,36,2,1,(変更不可)東村山市,higashimurayamacity,,1,system,"2016-07-20 03:09:00",system,"2016-07-20 03:09:00",1,35.7546380000000,139.4685390000000
190,783,37,2,1,(変更不可)国分寺市,kokubunji,,1,system,"2016-07-20 03:09:00",system,"2016-07-20 03:09:00",1,35.7109480000000,139.4622360000000
191,783,38,2,1,(変更不可)国立市,nationalcity,,1,system,"2016-07-20 03:09:00",system,"2016-07-20 03:09:00",1,35.6839230000000,139.4414610000000
193,783,40,2,1,(変更不可)狛江市,komae,,1,system,"2016-07-20 03:09:00",system,"2016-07-20 03:09:00",1,35.6347940000000,139.5787010000000
194,783,41,2,1,(変更不可)東大和市,higashiyamasa,,1,system,"2016-07-20 03:09:00",system,"2016-07-20 03:09:00",1,35.7454160000000,139.4265150000000
196,783,43,2,1,(変更不可)東久留米市,higokurumecity,,1,system,"2016-07-20 03:09:00",system,"2016-07-20 03:09:00",1,35.7580280000000,139.5298110000000
197,783,44,2,1,(変更不可)武蔵村山市,musashimurayama-shi,,1,system,"2016-07-20 03:09:00",system,"2016-07-20 03:09:00",1,35.7548300000000,139.3874070000000
198,783,48,2,1,(変更不可)多摩市,tamacity,,1,system,"2016-07-20 03:09:00",system,"2016-07-20 03:09:00",1,35.6369840000000,139.4462950000000
199,783,45,2,1,(変更不可)稲城市,inagi-shi,,1,system,"2016-07-20 03:09:00",system,"2016-07-20 03:09:00",1,35.6380150000000,139.5045970000000
202,783,49,2,1,(変更不可)西東京市,nishitokyo,,1,system,"2016-07-20 03:09:00",system,"2016-07-20 03:09:00",1,35.7257540000000,139.5384510000000
216,50,23,2,1,(変更不可)鎌倉市,kamakuracity,,1,system,"2016-07-20 03:09:00",system,"2016-07-20 03:09:00",1,35.3192250000000,139.5467950000000
217,50,24,2,1,(変更不可)藤沢市,fujisawa,,1,system,"2016-07-20 03:09:00",system,"2016-07-20 03:09:00",1,35.3391390000000,139.4913830000000
218,50,25,2,1,(変更不可)小田原市,odawaracity,,1,system,"2016-07-20 03:09:00",system,"2016-07-20 03:09:00",1,35.2646690000000,139.1522750000000
219,50,26,2,1,(変更不可)茅ヶ崎市,chigasaki,,1,system,"2016-07-20 03:09:00",system,"2016-07-20 03:09:00",1,35.3338310000000,139.4046370000000
220,50,27,2,1,(変更不可)逗子市,zushi,,1,system,"2016-07-20 03:09:00",system,"2016-07-20 03:09:00",1,35.2955890000000,139.5802360000000
222,50,29,2,1,(変更不可)秦野市,hatano,,1,system,"2016-07-20 03:09:00",system,"2016-07-20 03:09:00",1,35.3747660000000,139.2201540000000
223,50,30,2,1,(変更不可)厚木市,atsugi,,1,system,"2016-07-20 03:09:00",system,"2016-07-20 03:09:00",1,35.4430950000000,139.3625300000000
224,50,31,2,1,(変更不可)大和市,yamato-shi,,1,system,"2016-07-20 03:09:00",system,"2016-07-20 03:09:00",1,35.4874780000000,139.4580220000000
226,50,33,2,1,(変更不可)海老名市,ebinacity,,1,system,"2016-07-20 03:09:00",system,"2016-07-20 03:09:00",1,35.4464290000000,139.3907510000000
227,50,34,2,1,(変更不可)座間市,zamacity,,1,system,"2016-07-20 03:09:00",system,"2016-07-20 03:09:00",1,35.4885630000000,139.4076090000000
228,50,35,2,1,(変更不可)南足柄市,minamiashigara,,1,system,"2016-07-20 03:09:00",system,"2016-07-20 03:09:00",1,35.3205470000000,139.0998610000000
233,50,39,2,1,(変更不可)中郡二宮町,nakamiyachonakagori,,1,system,"2016-07-20 03:09:00",B57190,"2016-11-16 09:24:00",3,35.2995550000000,139.2555040000000
235,50,40,2,1,(変更不可)足柄上郡大井町,oi-machiashigaramigami-gun,,1,system,"2016-07-20 03:09:00",B57190,"2016-11-16 09:24:00",3,35.3266800000000,139.1565570000000
240,50,42,2,1,(変更不可)足柄下郡真鶴町,shingutowninashigarashimo-gun,,1,system,"2016-07-20 03:09:00",B57190,"2016-11-16 09:24:00",2,35.3351170000000,139.1409780000000
241,50,43,2,1,(変更不可)足柄下郡湯河原町,yugawara-machiashigarashimo-gun,,1,system,"2016-07-20 03:09:00",B57190,"2016-11-16 09:24:00",2,35.1584460000000,139.1371830000000
244,56,13,2,1,(変更不可)川口市,kawaguchicity,,1,system,"2016-07-20 03:09:00",B57190,"2016-11-16 09:44:00",3,35.8078870000000,139.7240710000000
245,56,14,2,1,(変更不可)行田市,gyoda,,1,system,"2016-07-20 03:09:00",B57190,"2016-11-16 09:44:00",3,36.1388090000000,139.4557510000000
247,56,16,2,1,(変更不可)所沢市,tokorozawa,,1,system,"2016-07-20 03:09:00",B57190,"2016-11-16 09:44:00",3,35.7995490000000,139.4687600000000
248,56,17,2,1,(変更不可)飯能市,hanno,,1,system,"2016-07-20 03:09:00",B57190,"2016-11-16 09:44:00",3,35.8557610000000,139.3277970000000
249,56,18,2,1,(変更不可)加須市,kazo,,1,system,"2016-07-20 03:09:00",B57190,"2016-11-16 09:44:00",3,36.1313990000000,139.6019030000000
250,56,19,2,1,(変更不可)本庄市,honjocity,,1,system,"2016-07-20 03:09:00",B57190,"2016-11-16 09:44:00",3,36.2437370000000,139.1903810000000
251,56,20,2,1,(変更不可)東松山市,higashimatsuyama,,1,system,"2016-07-20 03:09:00",B57190,"2016-11-16 09:44:00",3,36.0421260000000,139.4000110000000
252,56,21,2,1,(変更不可)春日部市,kasukabe,,1,system,"2016-07-20 03:09:00",B57190,"2016-11-16 09:44:00",3,35.9752260000000,139.7524780000000
253,56,22,2,1,(変更不可)狭山市,sayama,,1,system,"2016-07-20 03:09:00",B57190,"2016-11-16 09:44:00",3,35.8529860000000,139.4122070000000
254,56,23,2,1,(変更不可)羽生市,hanyu,,1,system,"2016-07-20 03:09:00",B57190,"2016-11-16 09:44:00",3,36.1726700000000,139.5485720000000
255,56,24,2,1,(変更不可)鴻巣市,konosu,,1,system,"2016-07-20 03:09:00",B57190,"2016-11-16 09:44:00",3,36.0659050000000,139.5222190000000
256,56,25,2,1,(変更不可)深谷市,fukaya,,1,system,"2016-07-20 03:09:00",B57190,"2016-11-16 09:44:00",3,36.1974650000000,139.2814300000000
257,56,26,2,1,(変更不可)上尾市,ageo,,1,system,"2016-07-20 03:09:00",B57190,"2016-11-16 09:44:00",3,35.9774430000000,139.5933270000000
258,56,27,2,1,(変更不可)草加市,soka,,1,system,"2016-07-20 03:09:00",B57190,"2016-11-16 09:44:00",3,35.8254160000000,139.8053960000000
259,56,28,2,1,(変更不可)越谷市,koshigaya,,1,system,"2016-07-20 03:09:00",B57190,"2016-11-16 09:44:00",3,35.8910720000000,139.7908400000000
260,56,29,2,1,(変更不可)蕨市,warabi,,1,system,"2016-07-20 03:09:00",B57190,"2016-11-16 09:44:00",3,35.8256330000000,139.6795190000000
261,56,30,2,1,(変更不可)戸田市,toda-shi,,1,system,"2016-07-20 03:09:00",B57190,"2016-11-16 09:44:00",3,35.8175790000000,139.6778250000000
262,56,31,2,1,(変更不可)入間市,iruma-shi,,1,system,"2016-07-20 03:09:00",B57190,"2016-11-16 09:44:00",3,35.8358490000000,139.3911260000000
263,56,32,2,1,(変更不可)朝霞市,asaka,,1,system,"2016-07-20 03:09:00",B57190,"2016-11-16 09:44:00",3,35.7972740000000,139.5936660000000
264,56,33,2,1,(変更不可)志木市,shiki,,1,system,"2016-07-20 03:09:00",B57190,"2016-11-16 09:44:00",3,35.8366030000000,139.5803050000000
265,56,34,2,1,(変更不可)和光市,wako-shi,,1,system,"2016-07-20 03:09:00",B57190,"2016-11-16 09:44:00",3,35.7814160000000,139.6057210000000
267,56,36,2,1,(変更不可)桶川市,okagawa-shi,,1,system,"2016-07-20 03:09:00",B57190,"2016-11-16 09:44:00",3,36.0057760000000,139.5424810000000
268,56,37,2,1,(変更不可)久喜市,kuki,,1,system,"2016-07-20 03:09:00",B57190,"2016-11-16 09:44:00",3,36.0621860000000,139.6668990000000
269,56,38,2,1,(変更不可)北本市,kitamoto,,1,system,"2016-07-20 03:09:00",B57190,"2016-11-16 09:44:00",3,36.0271870000000,139.5301640000000
270,56,39,2,1,(変更不可)八潮市,yashiocity,,1,system,"2016-07-20 03:09:00",B57190,"2016-11-16 09:44:00",3,35.8226660000000,139.8390880000000
271,56,40,2,1,(変更不可)富士見市,fujimi,,1,system,"2016-07-20 03:09:00",B57190,"2016-11-16 09:44:00",3,35.8565720000000,139.5492510000000
272,56,41,2,1,(変更不可)三郷市,misato-shi,,1,system,"2016-07-20 03:09:00",B57190,"2016-11-16 09:44:00",3,35.8301370000000,139.8723910000000
273,56,42,2,1,(変更不可)蓮田市,hasuda-shi,,1,system,"2016-07-20 03:09:00",B57190,"2016-11-16 09:44:00",3,35.9942790000000,139.6622910000000
274,56,43,2,1,(変更不可)坂戸市,sakado-shi,,1,system,"2016-07-20 03:09:00",B57190,"2016-11-16 09:44:00",3,35.9572740000000,139.4030140000000
275,56,44,2,1,(変更不可)幸手市,satte,,1,system,"2016-07-20 03:09:00",B57190,"2016-11-16 09:44:00",3,36.0780740000000,139.7258660000000
276,56,45,2,1,(変更不可)鶴ヶ島市,tsurugashima-shi,,1,system,"2016-07-20 03:09:00",B57190,"2016-11-16 09:44:00",3,35.9345290000000,139.3931530000000
277,56,46,2,1,(変更不可)日高市,hidakacity,,1,system,"2016-07-20 03:09:00",B57190,"2016-11-16 09:44:00",3,35.9077810000000,139.3391290000000
278,56,47,2,1,(変更不可)吉川市,yoshikawa,,1,system,"2016-07-20 03:09:00",B57190,"2016-11-16 09:44:00",3,35.8910740000000,139.8414190000000
279,56,48,2,1,(変更不可)ふじみ野市,fujimino,,1,system,"2016-07-20 03:09:00",B57190,"2016-11-16 09:44:00",3,35.8792070000000,139.5203630000000
280,56,49,2,1,(変更不可)白岡市,shiraoka,,1,system,"2016-07-20 03:09:00",B57190,"2016-11-16 09:44:00",3,36.0189970000000,139.6769270000000
287,56,54,2,1,(変更不可)比企郡小川町,ogawa-chohigashi-gun,,1,system,"2016-07-20 03:09:00",B57190,"2016-11-16 09:44:00",4,36.0566780000000,139.2618700000000
302,56,63,2,1,(変更不可)北葛飾郡杉戸町,sugitochokitatsushikoridistrict,,1,system,"2016-07-20 03:09:00",B57190,"2016-11-16 09:44:00",4,36.0258280000000,139.7367220000000
304,60,5,2,1,(変更不可)市川市,ichigawacity,,1,system,"2016-07-20 03:09:00",system,"2016-07-20 03:09:00",1,35.7135970000000,139.9279030000000
306,60,7,2,1,(変更不可)木更津市,kisarazu,,1,system,"2016-07-20 03:09:00",system,"2016-07-20 03:09:00",1,35.3812080000000,139.9249050000000
307,60,8,2,1,(変更不可)松戸市,matsudo-shi,,1,system,"2016-07-20 03:09:00",system,"2016-07-20 03:09:00",1,35.7876700000000,139.9031680000000
308,60,9,2,1,(変更不可)野田市,noda-shi,,1,system,"2016-07-20 03:09:00",system,"2016-07-20 03:09:00",1,35.9550360000000,139.8748290000000
309,60,10,2,1,(変更不可)茂原市,mobaracity,,1,system,"2016-07-20 03:09:00",system,"2016-07-20 03:09:00",1,35.4283610000000,140.2878990000000
310,60,11,2,1,(変更不可)成田市,narita-shi,,1,system,"2016-07-20 03:09:00",system,"2016-07-20 03:09:00",1,35.7766270000000,140.3183220000000
312,60,13,2,1,(変更不可)東金市,toganecity,,1,system,"2016-07-20 03:09:00",system,"2016-07-20 03:09:00",1,35.5599570000000,140.3661050000000
313,60,14,2,1,(変更不可)旭市,asahi,,1,system,"2016-07-20 03:09:00",system,"2016-07-20 03:09:00",1,35.7203910000000,140.6465960000000
314,60,15,2,1,(変更不可)習志野市,narashino-shi,,1,system,"2016-07-20 03:09:00",system,"2016-07-20 03:09:00",1,35.6816400000000,140.0273410000000
316,60,17,2,1,(変更不可)市原市,ichihara,,1,system,"2016-07-20 03:09:00",system,"2016-07-20 03:09:00",1,35.4979600000000,140.1155480000000
317,60,18,2,1,(変更不可)流山市,nagareyama,,1,system,"2016-07-20 03:09:00",system,"2016-07-20 03:09:00",1,35.8561900000000,139.9024710000000
318,60,19,2,1,(変更不可)八千代市,yachiyo,,1,system,"2016-07-20 03:09:00",system,"2016-07-20 03:09:00",1,35.7224600000000,140.0998190000000
319,60,20,2,1,(変更不可)我孫子市,abiko,,1,system,"2016-07-20 03:09:00",system,"2016-07-20 03:09:00",1,35.8641360000000,140.0283470000000
321,60,22,2,1,(変更不可)鎌ケ谷市,kamagaya-shi,,1,system,"2016-07-20 03:09:00",system,"2016-07-20 03:09:00",1,35.7768410000000,140.0007150000000
322,60,23,2,1,(変更不可)君津市,kimitsu,,1,system,"2016-07-20 03:09:00",system,"2016-07-20 03:09:00",1,35.3306470000000,139.9024570000000
324,60,25,2,1,(変更不可)浦安市,urayasucity,,1,system,"2016-07-20 03:09:00",system,"2016-07-20 03:09:00",1,35.6536330000000,139.9015610000000
328,60,29,2,1,(変更不可)印西市,inzai,,1,system,"2016-07-20 03:09:00",system,"2016-07-20 03:09:00",1,35.8323370000000,140.1457820000000
331,60,32,2,1,(変更不可)南房総市,minamiboso,,1,system,"2016-07-20 03:09:00",system,"2016-07-20 03:09:00",1,35.0431870000000,139.8401360000000
334,60,35,2,1,(変更不可)山武市,sanmu-shi,,1,system,"2016-07-20 03:09:00",system,"2016-07-20 03:09:00",1,35.6028130000000,140.4135140000000
354,65,3,2,1,(変更不可)栃木市,tochigicity,,1,system,"2016-07-20 03:09:00",B57190,"2016-11-16 09:27:00",3,36.3824150000000,139.7341740000000
358,65,7,2,1,(変更不可)小山市,oyama,,1,system,"2016-07-20 03:09:00",B57190,"2016-11-16 09:27:00",3,36.3145770000000,139.8001830000000
360,65,9,2,1,(変更不可)大田原市,otawara,,1,system,"2016-07-20 03:09:00",B57190,"2016-11-16 09:27:00",3,36.8707670000000,140.0155860000000
362,65,11,2,1,(変更不可)那須塩原市,nasushiobara,,1,system,"2016-07-20 03:09:00",B57190,"2016-11-16 09:27:00",3,36.9617030000000,140.0460800000000
364,65,13,2,1,(変更不可)那須烏山市,nasuosan-shi,,1,system,"2016-07-20 03:09:00",B57190,"2016-11-16 09:27:00",3,36.6568510000000,140.1515550000000
365,65,14,2,1,(変更不可)下野市,shimono-shi,,1,system,"2016-07-20 03:09:00",B57190,"2016-11-16 09:27:00",3,36.3951640000000,139.8520730000000
377,68,1,2,1,(変更不可)水戸市,mitocity,,1,system,"2016-07-20 03:09:00",A1575,"2016-07-21 05:29:00",3,36.3657250000000,140.4714540000000
378,68,2,2,1,(変更不可)日立市,hitachicity,,1,system,"2016-07-20 03:09:00",A1575,"2016-07-21 05:29:00",3,36.5991760000000,140.6515970000000
379,68,3,2,1,(変更不可)土浦市,tsuchiura,,1,system,"2016-07-20 03:09:00",A1575,"2016-07-21 05:29:00",3,36.0784598000000,140.2019114000000
380,68,4,2,1,(変更不可)古河市,koga-shi,,1,system,"2016-07-20 03:09:00",A1575,"2016-07-21 05:29:00",3,36.1788260000000,139.7557330000000
381,68,5,2,1,(変更不可)石岡市,ishioka,,1,system,"2016-07-20 03:09:00",A1575,"2016-07-21 05:29:00",3,36.1907420000000,140.2873390000000
382,68,6,2,1,(変更不可)結城市,yuuki-shi,,1,system,"2016-07-20 03:09:00",A1575,"2016-07-21 05:29:00",3,36.3051640000000,139.8774270000000
386,68,10,2,1,(変更不可)常陸太田市,hitachiota-shi,,1,system,"2016-07-20 03:09:00",A1575,"2016-07-21 05:29:00",3,36.5383460000000,140.5309990000000
389,68,13,2,1,(変更不可)笠間市,kasama-shi,,1,system,"2016-07-20 03:09:00",A1575,"2016-07-21 05:29:00",3,36.3859950000000,140.2375590000000
390,68,14,2,1,(変更不可)取手市,toridecity,,1,system,"2016-07-20 03:09:00",A1575,"2016-07-21 05:29:00",3,35.9114350000000,140.0503710000000
391,68,15,2,1,(変更不可)牛久市,ushiku,,1,system,"2016-07-20 03:09:00",A1575,"2016-07-21 05:29:00",3,35.9793470000000,140.1496090000000
392,68,16,2,1,(変更不可)つくば市,tsukubacity,,1,system,"2016-07-20 03:09:00",A1575,"2016-07-21 05:29:00",3,36.0834420000000,140.0765000000000
393,68,17,2,1,(変更不可)ひたちなか市,hitachinaka,,1,system,"2016-07-20 03:09:00",A1575,"2016-07-21 05:29:00",3,36.3965010000000,140.5345320000000
396,68,20,2,1,(変更不可)守谷市,moriya,,1,system,"2016-07-20 03:09:00",A1575,"2016-07-21 05:29:00",3,35.9513450000000,139.9755430000000
397,68,21,2,1,(変更不可)常陸大宮市,hitoshiomiya,,1,system,"2016-07-20 03:09:00",A1575,"2016-07-21 05:29:00",3,36.5424280000000,140.4109340000000
398,68,22,2,1,(変更不可)那珂市,nakacity,,1,system,"2016-07-20 03:09:00",A1575,"2016-07-21 05:29:00",3,36.4573830000000,140.4867000000000
399,68,23,2,1,(変更不可)筑西市,chikusei-shi,,1,system,"2016-07-20 03:09:00",A1575,"2016-07-21 05:29:00",3,36.3052630000000,139.9794170000000
400,68,24,2,1,(変更不可)坂東市,bando,,1,system,"2016-07-20 03:09:00",A1575,"2016-07-21 05:29:00",3,36.0483330000000,139.8887980000000
403,68,27,2,1,(変更不可)桜川市,sakuragawa-shi,,1,system,"2016-07-20 03:09:00",A1575,"2016-07-21 05:29:00",3,36.3273330000000,140.0905190000000
410,68,33,2,1,(変更不可)東茨城郡大洗町,higashiibarakidistrictoarai-machi,,1,system,"2016-07-20 03:09:00",B57190,"2016-11-16 09:24:00",5,36.3133710000000,140.5748830000000
413,68,35,2,1,(変更不可)久慈郡大子町,daigo-chokuji-gun,,1,system,"2016-07-20 03:09:00",B57190,"2016-11-16 09:49:00",5,36.7681180000000,140.3552630000000
421,69,4,2,1,(変更不可)伊勢崎市,isezaki,,1,system,"2016-07-20 03:09:00",B61509,"2016-11-07 08:55:00",3,36.3113680000000,139.1966550000000
422,69,5,2,1,(変更不可)太田市,ota-shi,,1,system,"2016-07-20 03:09:00",B61509,"2016-11-07 08:55:00",3,36.2916240000000,139.3757230000000
424,69,7,2,1,(変更不可)館林市,tatebayashi,,1,system,"2016-07-20 03:09:00",B61509,"2016-11-07 08:55:00",3,36.2448840000000,139.5422650000000
426,69,9,2,1,(変更不可)藤岡市,fujioka,,1,system,"2016-07-20 03:09:00",B61509,"2016-11-07 08:55:00",3,36.2585090000000,139.0745880000000
427,69,10,2,1,(変更不可)富岡市,tomioka,,1,system,"2016-07-20 03:09:00",B61509,"2016-11-07 08:55:00",3,36.2598680000000,138.8899680000000
428,69,11,2,1,(変更不可)安中市,annaka,,1,system,"2016-07-20 03:09:00",B61509,"2016-11-07 08:55:00",3,36.3262790000000,138.8872420000000
453,103,5,2,1,(変更不可)池田市,ikeda-shi,,1,system,"2016-07-20 03:09:00",system,"2016-07-20 03:09:00",1,34.8215990000000,135.4284720000000
454,103,6,2,1,(変更不可)吹田市,suita-shi,,1,system,"2016-07-20 03:09:00",system,"2016-07-20 03:09:00",1,34.7594130000000,135.5168260000000
456,103,9,2,1,(変更不可)貝塚市,kaizuka,,1,system,"2016-07-20 03:09:00",system,"2016-07-20 03:09:00",1,34.4376420000000,135.3585140000000
457,103,10,2,1,(変更不可)守口市,moriguchi-shi,,1,system,"2016-07-20 03:09:00",system,"2016-07-20 03:09:00",1,34.7358110000000,135.5617240000000
458,103,12,2,1,(変更不可)茨木市,ibaraki-shi,,1,system,"2016-07-20 03:09:00",system,"2016-07-20 03:09:00",1,34.8163520000000,135.5685150000000
459,103,13,2,1,(変更不可)八尾市,yaoshi,,1,system,"2016-07-20 03:09:00",system,"2016-07-20 03:09:00",1,34.6268470000000,135.6008770000000
460,103,14,2,1,(変更不可)泉佐野市,izumisano,,1,system,"2016-07-20 03:09:00",system,"2016-07-20 03:09:00",1,34.4067830000000,135.3273520000000
461,103,16,2,1,(変更不可)寝屋川市,neyagawa-shi,,1,system,"2016-07-20 03:09:00",system,"2016-07-20 03:09:00",1,34.7661370000000,135.6280660000000
462,103,17,2,1,(変更不可)河内長野市,kawachinagano-shi,,1,system,"2016-07-20 03:09:00",system,"2016-07-20 03:09:00",1,34.4581860000000,135.5639370000000
464,103,19,2,1,(変更不可)大東市,daito,,1,system,"2016-07-20 03:09:00",system,"2016-07-20 03:09:00",1,34.7120040000000,135.6233730000000
465,103,20,2,1,(変更不可)和泉市,izumi-shi,,1,system,"2016-07-20 03:09:00",system,"2016-07-20 03:09:00",1,34.4835540000000,135.4236180000000
466,103,21,2,1,(変更不可)箕面市,minoh,,1,system,"2016-07-20 03:09:00",system,"2016-07-20 03:09:00",1,34.8269600000000,135.4704680000000
467,103,22,2,1,(変更不可)柏原市,kashiwara-shi,,1,system,"2016-07-20 03:09:00",system,"2016-07-20 03:09:00",1,34.5792690000000,135.6286540000000
468,103,23,2,1,(変更不可)羽曳野市,habikino-shi,,1,system,"2016-07-20 03:09:00",system,"2016-07-20 03:09:00",1,34.5578820000000,135.6062120000000
469,103,24,2,1,(変更不可)門真市,kadoma-shi,,1,system,"2016-07-20 03:09:00",system,"2016-07-20 03:09:00",1,34.7393340000000,135.5875980000000
471,103,26,2,1,(変更不可)高石市,takaishicity,,1,system,"2016-07-20 03:09:00",system,"2016-07-20 03:09:00",1,34.5206610000000,135.4423380000000
472,103,27,2,1,(変更不可)藤井寺市,fujiiji,,1,system,"2016-07-20 03:09:00",system,"2016-07-20 03:09:00",1,34.5745740000000,135.5974340000000
473,103,29,2,1,(変更不可)泉南市,sennan-shi,,1,system,"2016-07-20 03:09:00",system,"2016-07-20 03:09:00",1,34.3658990000000,135.2734940000000
475,103,31,2,1,(変更不可)交野市,katano,,1,system,"2016-07-20 03:09:00",system,"2016-07-20 03:09:00",1,34.7879680000000,135.6800330000000
476,103,32,2,1,(変更不可)大阪狭山市,osakasayamacity,,1,system,"2016-07-20 03:09:00",system,"2016-07-20 03:09:00",1,34.5036090000000,135.5555500000000
477,103,33,2,1,(変更不可)阪南市,hannan-shi,,1,system,"2016-07-20 03:09:00",system,"2016-07-20 03:09:00",1,34.3595380000000,135.2396090000000
488,111,6,2,1,(変更不可)洲本市,sumotocity,,1,system,"2016-07-20 03:09:00",system,"2016-07-20 03:09:00",1,34.3425340000000,134.8956110000000
489,111,7,2,1,(変更不可)芦屋市,ashiya-shi,,1,system,"2016-07-20 03:09:00",system,"2016-07-20 03:09:00",1,34.7269130000000,135.3042890000000
490,111,8,2,1,(変更不可)伊丹市,itami-shi,,1,system,"2016-07-20 03:09:00",system,"2016-07-20 03:09:00",1,34.7842420000000,135.4008080000000
492,111,10,2,1,(変更不可)豊岡市,toyookacity,,1,system,"2016-07-20 03:09:00",system,"2016-07-20 03:09:00",1,35.5444860000000,134.8200950000000
493,111,11,2,1,(変更不可)加古川市,kakogawa,,1,system,"2016-07-20 03:09:00",system,"2016-07-20 03:09:00",1,34.7567550000000,134.8412410000000
494,111,12,2,1,(変更不可)赤穂市,ako,,1,system,"2016-07-20 03:09:00",system,"2016-07-20 03:09:00",1,34.7548980000000,134.3902670000000
496,111,14,2,1,(変更不可)宝塚市,takarazuka,,1,system,"2016-07-20 03:09:00",system,"2016-07-20 03:09:00",1,34.7999610000000,135.3603670000000
499,111,17,2,1,(変更不可)川西市,kawanishicity,,1,system,"2016-07-20 03:09:00",system,"2016-07-20 03:09:00",1,34.8300420000000,135.4171110000000
500,111,18,2,1,(変更不可)小野市,onocity,,1,system,"2016-07-20 03:09:00",system,"2016-07-20 03:09:00",1,34.8531730000000,134.9315430000000
502,111,20,2,1,(変更不可)加西市,kasai,,1,system,"2016-07-20 03:09:00",system,"2016-07-20 03:09:00",1,34.9278580000000,134.8418860000000
503,111,21,2,1,(変更不可)篠山市,sasayama-shi,,1,system,"2016-07-20 03:09:00",system,"2016-07-20 03:09:00",1,35.0757410000000,135.2192370000000
504,111,22,2,1,(変更不可)養父市,adoptivecity,,1,system,"2016-07-20 03:09:00",system,"2016-07-20 03:09:00",1,35.4046400000000,134.7674930000000
505,111,23,2,1,(変更不可)丹波市,tambacity,,1,system,"2016-07-20 03:09:00",system,"2016-07-20 03:09:00",1,35.1771440000000,135.0358890000000
506,111,24,2,1,(変更不可)南あわじ市,minami-awaji,,1,system,"2016-07-20 03:09:00",system,"2016-07-20 03:09:00",1,34.2944220000000,134.7798690000000
508,111,26,2,1,(変更不可)淡路市,awaji-shi,,1,system,"2016-07-20 03:09:00",system,"2016-07-20 03:09:00",1,34.4398190000000,134.9142380000000
515,111,32,2,1,(変更不可)加古郡播磨町,harima-chokako-gun,,1,system,"2016-07-20 03:09:00",B57190,"2016-11-16 09:43:00",3,34.7152920000000,134.8679480000000
522,111,37,2,1,(変更不可)美方郡香美町,kami-chomikata-gun,,1,system,"2016-07-20 03:09:00",B57190,"2016-11-16 09:43:00",3,35.6321740000000,134.6291700000000
524,117,3,2,1,(変更不可)舞鶴市,maizuru,,1,system,"2016-07-20 03:09:00",system,"2016-07-20 03:09:00",1,35.4747240000000,135.3861300000000
526,117,5,2,1,(変更不可)宇治市,uji,,1,system,"2016-07-20 03:09:00",system,"2016-07-20 03:09:00",1,34.8844320000000,135.7997710000000
527,117,6,2,1,(変更不可)宮津市,miyazu,,1,system,"2016-07-20 03:09:00",system,"2016-07-20 03:09:00",1,35.5354370000000,135.1955080000000
528,117,7,2,1,(変更不可)亀岡市,kameoka,,1,system,"2016-07-20 03:09:00",system,"2016-07-20 03:09:00",1,35.0134720000000,135.5737340000000
529,117,8,2,1,(変更不可)城陽市,joyangcity,,1,system,"2016-07-20 03:09:00",system,"2016-07-20 03:09:00",1,34.8530470000000,135.7799120000000
530,117,9,2,1,(変更不可)向日市,tomaruka,,1,system,"2016-07-20 03:09:00",system,"2016-07-20 03:09:00",1,34.9486740000000,135.6982790000000
531,117,10,2,1,(変更不可)長岡京市,nagaokakyo,,1,system,"2016-07-20 03:09:00",system,"2016-07-20 03:09:00",1,34.9267040000000,135.6954180000000
532,117,11,2,1,(変更不可)八幡市,yawata,,1,system,"2016-07-20 03:09:00",system,"2016-07-20 03:09:00",1,34.8755440000000,135.7076400000000
533,117,12,2,1,(変更不可)京田辺市,kyotanabe,,1,system,"2016-07-20 03:09:00",system,"2016-07-20 03:09:00",1,34.8144670000000,135.7677200000000
534,117,13,2,1,(変更不可)京丹後市,kyotango-shi,,1,system,"2016-07-20 03:09:00",system,"2016-07-20 03:09:00",1,35.6241760000000,135.0610440000000
535,117,14,2,1,(変更不可)南丹市,nantancity,,1,system,"2016-07-20 03:09:00",system,"2016-07-20 03:09:00",1,35.1074230000000,135.4700380000000
536,117,15,2,1,(変更不可)木津川市,kizukawa-shi,,1,system,"2016-07-20 03:09:00",system,"2016-07-20 03:09:00",1,34.7368360000000,135.8208270000000
543,117,19,2,1,(変更不可)相楽郡精華町,seikatownsagura-gun,,1,system,"2016-07-20 03:09:00",B57190,"2016-11-16 09:24:00",3,34.7608380000000,135.7856570000000
548,120,3,2,1,(変更不可)長浜市,nagahama,,1,system,"2016-07-20 03:09:00",system,"2016-07-20 03:09:00",1,35.3805950000000,136.2782490000000
549,120,4,2,1,(変更不可)近江八幡市,omihachimancity,,1,system,"2016-07-20 03:09:00",system,"2016-07-20 03:09:00",1,35.1283270000000,136.0981000000000
550,120,5,2,1,(変更不可)草津市,kusatsu-shi,,1,system,"2016-07-20 03:09:00",system,"2016-07-20 03:09:00",1,35.0129500000000,135.9599490000000
551,120,6,2,1,(変更不可)守山市,moriyama,,1,system,"2016-07-20 03:09:00",system,"2016-07-20 03:09:00",1,35.0588610000000,135.9944450000000
552,120,7,2,1,(変更不可)栗東市,ritocity,,1,system,"2016-07-20 03:09:00",system,"2016-07-20 03:09:00",1,35.0215610000000,135.9981120000000
553,120,8,2,1,(変更不可)甲賀市,koga,,1,system,"2016-07-20 03:09:00",system,"2016-07-20 03:09:00",1,34.9660690000000,136.1671530000000
554,120,9,2,1,(変更不可)野洲市,yasu,,1,system,"2016-07-20 03:09:00",system,"2016-07-20 03:09:00",1,35.0674170000000,136.0258590000000
555,120,10,2,1,(変更不可)湖南市,hunan,,1,system,"2016-07-20 03:09:00",system,"2016-07-20 03:09:00",1,35.0040910000000,136.0848530000000
556,120,11,2,1,(変更不可)高島市,takashima,,1,system,"2016-07-20 03:09:00",system,"2016-07-20 03:09:00",1,35.3529960000000,136.0363850000000
557,120,12,2,1,(変更不可)東近江市,higashiomicity,,1,system,"2016-07-20 03:09:00",system,"2016-07-20 03:09:00",1,35.1126910000000,136.2078390000000
558,120,13,2,1,(変更不可)米原市,mihara,,1,system,"2016-07-20 03:09:00",system,"2016-07-20 03:09:00",1,35.3153400000000,136.2839960000000
561,120,15,2,1,(変更不可)愛知郡,aichi-gunaicho-cho,,1,system,"2016-07-20 03:09:00",B57190,"2016-11-16 09:24:00",3,35.1688430000000,136.2123030000000
565,123,3,2,1,(変更不可)大和郡山市,yamatokoriyamacity,,1,system,"2016-07-20 03:09:00",B57190,"2016-11-16 09:32:00",3,34.6493450000000,135.7827770000000
567,123,5,2,1,(変更不可)橿原市,kashihara,,1,system,"2016-07-20 03:09:00",B57190,"2016-11-16 09:32:00",3,34.5092780000000,135.7925560000000
568,123,6,2,1,(変更不可)桜井市,sakurai,,1,system,"2016-07-20 03:09:00",B57190,"2016-11-16 09:32:00",3,34.5186940000000,135.8431910000000
571,123,9,2,1,(変更不可)生駒市,ikoma-shi,,1,system,"2016-07-20 03:09:00",B57190,"2016-11-16 09:32:00",3,34.6919240000000,135.7004220000000
573,123,11,2,1,(変更不可)葛城市,katsuragi-shi,,1,system,"2016-07-20 03:09:00",B57190,"2016-11-16 09:32:00",3,34.4891960000000,135.7265070000000
575,123,13,2,1,(変更不可)山辺郡山添村,yamabe-gunyamabe-gun,,1,system,"2016-07-20 03:09:00",B57190,"2016-11-16 09:32:00",4,34.6808480000000,136.0435250000000
576,123,14,2,1,(変更不可)生駒郡平群町,ikomagunhirugatecho,,1,system,"2016-07-20 03:09:00",B57190,"2016-11-16 09:33:00",4,34.6292440000000,135.7003320000000
602,126,3,2,1,(変更不可)橋本市,hashimoto,,1,system,"2016-07-20 03:09:00",system,"2016-07-20 03:09:00",1,34.3146580000000,135.6052150000000
605,126,6,2,1,(変更不可)田辺市,tanabe,,1,system,"2016-07-20 03:09:00",system,"2016-07-20 03:09:00",1,33.7280030000000,135.3776900000000
606,126,7,2,1,(変更不可)新宮市,shingucity,,1,system,"2016-07-20 03:09:00",system,"2016-07-20 03:09:00",1,33.7241210000000,135.9924930000000
608,126,9,2,1,(変更不可)岩出市,iwade,,1,system,"2016-07-20 03:09:00",system,"2016-07-20 03:09:00",1,34.2563000000000,135.3111870000000
610,126,11,2,1,(変更不可)伊都郡かつらぎ町,ito-guntsuragi-cho,,1,system,"2016-07-20 03:09:00",system,"2016-07-20 03:09:00",1,34.2964170000000,135.5036920000000
631,103,15,2,1,(変更不可)富田林市,tondabayashicity,,1,system,"2016-07-20 03:09:00",system,"2016-07-20 03:09:00",1,34.4991940000000,135.5971580000000
632,74,6,2,1,(変更不可)瀬戸市,setocity,,1,system,"2016-07-20 03:09:00",system,"2016-07-20 03:09:00",1,35.2234490000000,137.0840820000000
635,74,8,2,1,(変更不可)春日井市,kasugai,,1,system,"2016-07-20 03:09:00",system,"2016-07-20 03:09:00",1,35.2474960000000,136.9721760000000
638,74,11,2,1,(変更不可)碧南市,hekinan,,1,system,"2016-07-20 03:09:00",system,"2016-07-20 03:09:00",1,34.8848480000000,136.9936550000000
641,74,14,2,1,(変更不可)西尾市,nishio,,1,system,"2016-07-20 03:09:00",system,"2016-07-20 03:09:00",1,34.8624910000000,137.0624830000000
645,74,18,2,1,(変更不可)江南市,gangnam-gu,,1,system,"2016-07-20 03:09:00",system,"2016-07-20 03:09:00",1,35.3321250000000,136.8708750000000
646,74,19,2,1,(変更不可)小牧市,komaki,,1,system,"2016-07-20 03:09:00",system,"2016-07-20 03:09:00",1,35.2903240000000,136.9109080000000
647,74,20,2,1,(変更不可)稲沢市,inazawa,,1,system,"2016-07-20 03:09:00",system,"2016-07-20 03:09:00",1,35.2480490000000,136.7803040000000
649,74,22,2,1,(変更不可)東海市,tokaicity,,1,system,"2016-07-20 03:09:00",system,"2016-07-20 03:09:00",1,35.0229950000000,136.9023820000000
650,74,23,2,1,(変更不可)大府市,ouchi-shi,,1,system,"2016-07-20 03:09:00",system,"2016-07-20 03:09:00",1,35.0122470000000,136.9631820000000
653,74,26,2,1,(変更不可)尾張旭市,owariasahi,,1,system,"2016-07-20 03:09:00",system,"2016-07-20 03:09:00",1,35.2165040000000,137.0352820000000
655,74,28,2,1,(変更不可)岩倉市,iwakura,,1,system,"2016-07-20 03:09:00",system,"2016-07-20 03:09:00",1,35.2799360000000,136.8714330000000
656,74,29,2,1,(変更不可)豊明市,toyoake,,1,system,"2016-07-20 03:09:00",system,"2016-07-20 03:09:00",1,35.0537740000000,137.0127890000000
657,74,30,2,1,(変更不可)日進市,nichin-shi,,1,system,"2016-07-20 03:09:00",system,"2016-07-20 03:09:00",1,35.1319870000000,137.0394230000000
659,74,32,2,1,(変更不可)愛西市,aisi-shi,,1,system,"2016-07-20 03:09:00",system,"2016-07-20 03:09:00",1,35.1530100000000,136.7285080000000
660,74,33,2,1,(変更不可)清須市,kiyosu,,1,system,"2016-07-20 03:09:00",system,"2016-07-20 03:09:00",1,35.1998330000000,136.8528830000000
664,74,37,2,1,(変更不可)あま市,asama,,1,system,"2016-07-20 03:09:00",system,"2016-07-20 03:09:00",1,35.2005260000000,136.7835840000000
665,74,38,2,1,(変更不可)長久手市,nagakutecity,,1,system,"2016-07-20 03:09:00",system,"2016-07-20 03:09:00",1,35.1840920000000,137.0486420000000
667,83,3,2,1,(変更不可)沼津市,numazu,,1,system,"2016-07-20 03:09:00",system,"2016-07-20 03:09:00",1,35.0956230000000,138.8634750000000
668,83,4,2,1,(変更不可)熱海市,atami,,1,system,"2016-07-20 03:09:00",system,"2016-07-20 03:09:00",1,35.0960730000000,139.0716510000000
669,83,5,2,1,(変更不可)三島市,mishima-shi,,1,system,"2016-07-20 03:09:00",system,"2016-07-20 03:09:00",1,35.1184830000000,138.9186360000000
670,83,6,2,1,(変更不可)富士宮市,fujinomiya,,1,system,"2016-07-20 03:09:00",system,"2016-07-20 03:09:00",1,35.2221590000000,138.6213290000000
672,83,8,2,1,(変更不可)島田市,shimada-shi,,1,system,"2016-07-20 03:09:00",system,"2016-07-20 03:09:00",1,34.8363080000000,138.1760460000000
673,83,9,2,1,(変更不可)富士市,fujicity,,1,system,"2016-07-20 03:09:00",system,"2016-07-20 03:09:00",1,35.1613620000000,138.6763520000000
674,83,10,2,1,(変更不可)磐田市,iwata-shi,,1,system,"2016-07-20 03:09:00",system,"2016-07-20 03:09:00",1,34.7178970000000,137.8514960000000
675,83,11,2,1,(変更不可)焼津市,yaizu,,1,system,"2016-07-20 03:09:00",system,"2016-07-20 03:09:00",1,34.8670560000000,138.3231690000000
678,83,14,2,1,(変更不可)御殿場市,gotemba,,1,system,"2016-07-20 03:09:00",system,"2016-07-20 03:09:00",1,35.3087090000000,138.9348810000000
679,83,15,2,1,(変更不可)袋井市,fukuroi,,1,system,"2016-07-20 03:09:00",system,"2016-07-20 03:09:00",1,34.7502290000000,137.9248490000000
685,83,21,2,1,(変更不可)菊川市,kikukawa,,1,system,"2016-07-20 03:09:00",system,"2016-07-20 03:09:00",1,34.7576460000000,138.0841980000000
686,83,22,2,1,(変更不可)伊豆の国市,izunokunicity,,1,system,"2016-07-20 03:09:00",system,"2016-07-20 03:09:00",1,35.0277710000000,138.9289710000000
687,83,23,2,1,(変更不可)牧之原市,makinohara,,1,system,"2016-07-20 03:09:00",system,"2016-07-20 03:09:00",1,34.7399590000000,138.2247070000000
693,154,6,2,1,(変更不可)飯塚市,iizuka,,1,system,"2016-07-20 03:09:00",system,"2016-07-20 03:09:00",1,33.6459030000000,130.6914490000000
694,154,7,2,1,(変更不可)田川市,tagawa-shi,,1,system,"2016-07-20 03:09:00",system,"2016-07-20 03:09:00",1,33.6388210000000,130.8061360000000
697,154,10,2,1,(変更不可)筑後市,chikugo,,1,system,"2016-07-20 03:09:00",system,"2016-07-20 03:09:00",1,33.2122470000000,130.5021150000000
699,154,12,2,1,(変更不可)行橋市,yukuhashishi,,1,system,"2016-07-20 03:09:00",system,"2016-07-20 03:09:00",1,33.7287030000000,130.9829810000000
700,154,13,2,1,(変更不可)豊前市,buzen,,1,system,"2016-07-20 03:09:00",system,"2016-07-20 03:09:00",1,33.6115240000000,131.1302760000000
703,154,16,2,1,(変更不可)筑紫野市,chikushino,,1,system,"2016-07-20 03:09:00",system,"2016-07-20 03:09:00",1,33.4963860000000,130.5156070000000
706,154,19,2,1,(変更不可)宗像市,munakata-shi,,1,system,"2016-07-20 03:09:00",system,"2016-07-20 03:09:00",1,33.8055480000000,130.5405150000000
707,154,20,2,1,(変更不可)太宰府市,dazaifucity,,1,system,"2016-07-20 03:09:00",system,"2016-07-20 03:09:00",1,33.5128500000000,130.5238830000000
708,154,21,2,1,(変更不可)古賀市,kogacity,,1,system,"2016-07-20 03:09:00",system,"2016-07-20 03:09:00",1,33.7287500000000,130.4700510000000
709,154,22,2,1,(変更不可)福津市,fukutsucity,,1,system,"2016-07-20 03:09:00",system,"2016-07-20 03:09:00",1,33.7668010000000,130.4911040000000
713,154,26,2,1,(変更不可)朝倉市,asakura,,1,system,"2016-07-20 03:09:00",system,"2016-07-20 03:09:00",1,33.4234510000000,130.6655140000000
715,154,28,2,1,(変更不可)糸島市,itoshima,,1,system,"2016-07-20 03:09:00",system,"2016-07-20 03:09:00",1,33.5573690000000,130.1956380000000
729,2,6,2,1,(変更不可)釧路市,kushiro,,1,system,"2016-07-20 03:09:00",system,"2016-07-20 03:09:00",1,42.9848340000000,144.3816880000000
730,2,7,2,1,(変更不可)帯広市,obihiro,,1,system,"2016-07-20 03:09:00",system,"2016-07-20 03:09:00",1,42.9236910000000,143.1965770000000
733,2,10,2,1,(変更不可)岩見沢市,iwamizawa-shi,,1,system,"2016-07-20 03:09:00",system,"2016-07-20 03:09:00",1,43.1961940000000,141.7758520000000
735,2,12,2,1,(変更不可)留萌市,rumoi,,1,system,"2016-07-20 03:09:00",system,"2016-07-20 03:09:00",1,43.9409690000000,141.6368500000000
736,2,13,2,1,(変更不可)苫小牧市,tomakomai,,1,system,"2016-07-20 03:09:00",system,"2016-07-20 03:09:00",1,42.6340850000000,141.6055100000000
737,2,14,2,1,(変更不可)稚内市,wakkanai,,1,system,"2016-07-20 03:09:00",system,"2016-07-20 03:09:00",1,45.4155530000000,141.6731460000000
740,2,17,2,1,(変更不可)江別市,ebetsu,,1,system,"2016-07-20 03:09:00",system,"2016-07-20 03:09:00",1,43.1036130000000,141.5359880000000
742,2,19,2,1,(変更不可)紋別市,monbetsu,,1,system,"2016-07-20 03:09:00",system,"2016-07-20 03:09:00",1,44.3564840000000,143.3540670000000
747,2,24,2,1,(変更不可)千歳市,chitose,,1,system,"2016-07-20 03:09:00",system,"2016-07-20 03:09:00",1,42.8215100000000,141.6510750000000
756,2,32,2,1,(変更不可)北広島市,kitahiroshima,,1,system,"2016-07-20 03:09:00",system,"2016-07-20 03:09:00",1,42.9868210000000,141.5636590000000
780,0,1,1,0,(変更不可)東京都(エリアから探す),tokyo-citycenter,,1,system,"2016-07-20 03:09:00",B61509,"2016-11-07 08:54:00",10,35.6895680000000,139.6917170000000
783,0,2,1,0,(変更不可)東京都(市区郡から探す),tokyo-searchfromcitycounty,,1,system,"2016-07-20 03:09:00",B61509,"2016-11-07 08:54:00",8,35.6895680000000,139.6917170000000
784,780,1,2,1,(変更不可)銀座・新橋・有楽町,ginzashimbashiyurakucho,,1,system,"2016-07-20 03:09:00",system,"2016-07-20 03:09:00",1,35.6695585,139.7611172
785,780,2,2,1,(変更不可)東京・日本橋,tokyo-nihonbashi,,1,system,"2016-07-20 03:09:00",system,"2016-07-20 03:09:00",1,35.6812196,139.7723503
786,780,3,2,1,(変更不可)渋谷・恵比寿・代官山,shibuyaebisudaikanyama,,1,system,"2016-07-20 03:09:00",system,"2016-07-20 03:09:00",1,35.6506239,139.702033
787,780,4,2,1,(変更不可)新宿・代々木・大久保,shinjukuyoyogiokubo,,1,system,"2016-07-20 03:09:00",system,"2016-07-20 03:09:00",1,35.689729,139.700464
788,780,5,2,1,(変更不可)池袋～高田馬場・早稲田,ikebukuro-takadanobaba-waseda,,1,system,"2016-07-20 03:09:00",system,"2016-07-20 03:09:00",1,35.7210207,139.7046688
789,780,6,2,1,(変更不可)原宿・表参道・青山,harajuku-omotesando-aoyama,,1,system,"2016-07-20 03:09:00",system,"2016-07-20 03:09:00",1,35.6708947,139.7051047
790,780,7,2,1,(変更不可)六本木・麻布・広尾,roppongiazabuhiroo,,1,system,"2016-07-20 03:09:00",system,"2016-07-20 03:09:00",1,35.658646,139.730532
791,780,8,2,1,(変更不可)赤坂・永田町・溜池,akasaka-nagatacho-tameike,,1,system,"2016-07-20 03:09:00",system,"2016-07-20 03:09:00",1,35.6738296,139.7395522
792,780,9,2,1,(変更不可)四ツ谷・市ヶ谷・飯田橋,yotsuyaichigayaiidabashi,,1,system,"2016-07-20 03:09:00",system,"2016-07-20 03:09:00",1,35.6916280000000,139.7339208000000
793,780,10,2,1,(変更不可)秋葉原・神田・水道橋,akihabarakandaaqueduct,,1,system,"2016-07-20 03:09:00",system,"2016-07-20 03:09:00",1,35.6998989,139.7725707
794,780,11,2,1,(変更不可)上野・浅草・日暮里,ueno-asakusa-nippori,,1,system,"2016-07-20 03:09:00",system,"2016-07-20 03:09:00",1,35.71379,139.777043
795,780,12,2,1,(変更不可)浜松町・田町・品川,hamamatsucho-tamachi-shinagawa,,1,system,"2016-07-20 03:09:00",system,"2016-07-20 03:09:00",1,35.6566016,139.7540056
796,780,13,2,1,(変更不可)目黒・白金・五反田,meguro-platinum-gotanda,,1,system,"2016-07-20 03:09:00",system,"2016-07-20 03:09:00",1,35.634177,139.719306
797,780,14,2,1,(変更不可)大塚・巣鴨・駒込・赤羽,otsukasugamokomagomeakabane,,1,system,"2016-07-20 03:09:00",system,"2016-07-20 03:09:00",1,35.731412,139.728584
798,780,15,2,1,(変更不可)両国・錦糸町・小岩,bothcountries-kinshicho-koiwa,,1,system,"2016-07-20 03:09:00",B61509,"2016-11-07 08:48:00",2,35.696881,139.797421
799,780,16,2,1,(変更不可)築地・湾岸・お台場,tsukiji-gulfcoast-odaiba,,1,system,"2016-07-20 03:09:00",B61509,"2016-11-07 08:48:00",3,35.6650037,139.7663158
800,780,17,2,1,(変更不可)大井・蒲田,oiandkamata,,1,system,"2016-07-20 03:09:00",B61509,"2016-11-07 08:48:00",4,35.5824133,139.7178967
801,780,18,2,1,(変更不可)東急沿線,totokyuline,,1,system,"2016-07-20 03:09:00",B61509,"2016-11-07 08:48:00",5,35.657857,139.7002133
802,780,19,2,1,(変更不可)京王・小田急沿線,keioandodakyulines,,1,system,"2016-07-20 03:09:00",B61509,"2016-11-07 08:48:00",6,35.690163,139.699187
803,780,20,2,1,(変更不可)中野～西荻窪,nakano-nishigikubo,,1,system,"2016-07-20 03:09:00",B61509,"2016-11-07 08:48:00",7,35.7060646,139.6417518
804,780,21,2,1,(変更不可)西武沿線,seibu-kaidoline,,1,system,"2016-07-20 03:09:00",B61509,"2016-11-07 08:48:00",8,35.730256,139.711086
805,780,22,2,1,(変更不可)板橋・東武沿線,itabashi-tobuwaysideline,,1,system,"2016-07-20 03:09:00",B61509,"2016-11-07 08:48:00",9,35.7684006,139.6560918
806,780,23,2,1,(変更不可)千住・綾瀬・葛飾,senjuayasekatsushika,,1,system,"2016-07-20 03:09:00",B61509,"2016-11-07 08:49:00",10,35.7528951,139.807174
807,780,24,2,1,(変更不可)吉祥寺・三鷹・武蔵境,kichijojimitakamusashisakai,,1,system,"2016-07-20 03:09:00",B61509,"2016-11-07 08:49:00",2,35.6899923,139.5454502
808,780,25,2,1,(変更不可)小金井・国分寺・国立,koganeikokubunjinational,,1,system,"2016-07-20 03:09:00",B61509,"2016-11-07 08:49:00",3,35.701339,139.491745
809,780,26,2,1,(変更不可)調布・府中・狛江,chofufuchukomae,,1,system,"2016-07-20 03:09:00",B61509,"2016-11-07 08:49:00",4,35.6604377,139.5375328
810,780,27,2,1,(変更不可)町田・稲城・多摩,machida-inagi-tama,,1,system,"2016-07-20 03:09:00",B61509,"2016-11-07 08:49:00",5,35.610568,139.447731
811,780,28,2,1,(変更不可)西東京市周辺,nishi-tokyoarea,,1,system,"2016-07-20 03:09:00",B61509,"2016-11-07 08:49:00",6,35.736206,139.5255977
812,780,29,2,1,(変更不可)立川市・八王子市周辺,tachikawacity-hachiojicityaround,,1,system,"2016-07-20 03:09:00",B61509,"2016-11-07 08:49:00",7,35.7141686,139.3816439
813,780,30,2,1,(変更不可)福生・青梅周辺,fussa-omeplacesaround,,1,system,"2016-07-20 03:09:00",B61509,"2016-11-07 08:49:00",8,35.733651,139.3194271
814,780,31,2,1,(変更不可)伊豆諸島・小笠原,izuislands-ogasawara,,1,system,"2016-07-20 03:09:00",B61509,"2016-11-07 08:49:00",9,33.1713984,139.7630897
817,50,2,2,1,(変更不可)横浜市神奈川区,yokohama-shikanagawa-ku,,1,system,"2016-07-20 03:09:00",system,"2016-07-20 03:09:00",1,35.4773210000000,139.6292730000000
818,50,3,2,1,(変更不可)横浜市西区,yokohama-shinishi-ku,,1,system,"2016-07-20 03:09:00",system,"2016-07-20 03:09:00",1,35.4536520000000,139.6168060000000
819,50,4,2,1,(変更不可)横浜市中区,yokohamacitynaka-ku,,1,system,"2016-07-20 03:09:00",system,"2016-07-20 03:09:00",1,35.4447350000000,139.6421790000000
820,50,5,2,1,(変更不可)横浜市南区,yokohama-shiminami-ku,,1,system,"2016-07-20 03:09:00",system,"2016-07-20 03:09:00",1,35.4344240000000,139.6274890000000
821,50,6,2,1,(変更不可)横浜市保土ケ谷区,yokohama-shihodogaya-ku,,1,system,"2016-07-20 03:09:00",system,"2016-07-20 03:09:00",1,35.4599010000000,139.5960500000000
822,50,7,2,1,(変更不可)横浜市磯子区,yokohama-shiisogo-ku,,1,system,"2016-07-20 03:09:00",system,"2016-07-20 03:09:00",1,35.4023970000000,139.6184100000000
823,50,8,2,1,(変更不可)横浜市金沢区,yokohamacitykanazawaku,,1,system,"2016-07-20 03:09:00",system,"2016-07-20 03:09:00",1,35.3381070000000,139.6244940000000
824,50,9,2,1,(変更不可)横浜市港北区,kohokukuyokohama,,1,system,"2016-07-20 03:09:00",system,"2016-07-20 03:09:00",1,35.5190570000000,139.6328530000000
825,50,10,2,1,(変更不可)横浜市戸塚区,yokohama-shitotsuka-ku,,1,system,"2016-07-20 03:09:00",system,"2016-07-20 03:09:00",1,35.3999920000000,139.5334830000000
826,50,11,2,1,(変更不可)横浜市港南区,yokohama-shikonan-ku,,1,system,"2016-07-20 03:09:00",system,"2016-07-20 03:09:00",1,35.4008870000000,139.5924980000000
827,50,12,2,1,(変更不可)横浜市旭区,yokohama-shiasahiku,,1,system,"2016-07-20 03:09:00",system,"2016-07-20 03:09:00",1,35.4747700000000,139.5447930000000
828,50,13,2,1,(変更不可)横浜市緑区,yokohamacitygreenarea,,1,system,"2016-07-20 03:09:00",system,"2016-07-20 03:09:00",1,35.5124120000000,139.5380100000000
829,50,14,2,1,(変更不可)横浜市瀬谷区,yokohama-shiseya-ku,,1,system,"2016-07-20 03:09:00",system,"2016-07-20 03:09:00",1,35.4662280000000,139.4988150000000
831,50,16,2,1,(変更不可)横浜市泉区,izumi-kuyokohama,,1,system,"2016-07-20 03:09:00",system,"2016-07-20 03:09:00",1,35.4177930000000,139.4887010000000
832,50,17,2,1,(変更不可)横浜市青葉区,yokohama-shiaoba-ku,,1,system,"2016-07-20 03:09:00",system,"2016-07-20 03:09:00",1,35.5529830000000,139.5369200000000
833,50,18,2,1,(変更不可)横浜市都筑区,yokohamacitytsuzuki-ku,,1,system,"2016-07-20 03:09:00",system,"2016-07-20 03:09:00",1,35.5449340000000,139.5709170000000
834,56,2,2,1,(変更不可)さいたま市北区,saitama-shikita-ku,,1,system,"2016-07-20 03:09:00",B57190,"2016-11-16 09:44:00",3,35.9315400000000,139.6202230000000
835,56,3,2,1,(変更不可)さいたま市大宮区,saitamacityomiyaku,,1,system,"2016-07-20 03:09:00",B57190,"2016-11-16 09:44:00",3,35.9017990000000,139.6306240000000
836,56,4,2,1,(変更不可)さいたま市見沼区,saitamamunicipalward,,1,system,"2016-07-20 03:09:00",B57190,"2016-11-16 09:44:00",3,35.9352280000000,139.6544060000000
837,56,5,2,1,(変更不可)さいたま市中央区,saitama-shichuo-ku,,1,system,"2016-07-20 03:09:00",B57190,"2016-11-16 09:44:00",3,35.8839090000000,139.6261770000000
839,56,7,2,1,(変更不可)さいたま市浦和区,saitamacityurawa-ku,,1,system,"2016-07-20 03:09:00",B57190,"2016-11-16 09:44:00",3,35.8614520000000,139.6455060000000
840,56,8,2,1,(変更不可)さいたま市南区,saitama-shiminami-ku,,1,system,"2016-07-20 03:09:00",B57190,"2016-11-16 09:44:00",3,35.8452700000000,139.6454340000000
841,56,9,2,1,(変更不可)さいたま市緑区,saitamacitygreenarea,,1,system,"2016-07-20 03:09:00",B57190,"2016-11-16 09:44:00",3,35.8710530000000,139.6841730000000
842,56,10,2,1,(変更不可)さいたま市岩槻区,iwasuki-kusaitama,,1,system,"2016-07-20 03:09:00",B57190,"2016-11-16 09:44:00",3,35.9498280000000,139.6941530000000
845,175,7,2,1,(変更不可)宜野湾市,ginowan-shi,,1,system,"2016-07-20 03:09:00",system,"2016-07-20 03:09:00",1,26.2816110000000,127.7784370000000
849,7,2,2,1,(変更不可)八戸市,hachinohe-shi,,1,system,"2016-07-20 03:09:00",system,"2016-07-20 03:09:00",1,40.5118920000000,141.4894790000000
850,7,4,2,1,(変更不可)十和田市,towada-shi,,1,system,"2016-07-20 03:09:00",system,"2016-07-20 03:09:00",1,40.6127050000000,141.2058910000000
852,7,5,2,1,(変更不可)三沢市,misawa-shi,,1,system,"2016-07-20 03:09:00",system,"2016-07-20 03:09:00",1,40.6832590000000,141.3689290000000
853,7,3,2,1,(変更不可)弘前市,hirosaki-shi,,1,system,"2016-07-20 03:09:00",system,"2016-07-20 03:09:00",1,40.6029650000000,140.4640080000000
854,10,4,2,1,(変更不可)滝沢市,takizawa-shi,,1,system,"2016-07-20 03:09:00",system,"2016-07-20 03:09:00",1,39.7347530000000,141.0770420000000
856,10,2,2,1,(変更不可)花巻市,hanamaki-shi,,1,system,"2016-07-20 03:09:00",system,"2016-07-20 03:09:00",1,39.3886840000000,141.1167730000000
857,10,3,2,1,(変更不可)八幡平市,hachimantai-shi,,1,system,"2016-07-20 03:09:00",system,"2016-07-20 03:09:00",1,39.9564970000000,141.0712890000000
858,13,2,2,1,(変更不可)大崎市,osaki-shi,,1,system,"2016-07-20 03:09:00",system,"2016-07-20 03:09:00",1,38.5771040000000,140.9554350000000
859,13,5,2,1,(変更不可)富谷市,tomiya-shi,,1,system,"2016-07-20 03:09:00",system,"2016-07-20 03:09:00",1,38.4001350000000,140.8953880000000
860,13,3,2,1,(変更不可)登米市,tome-shi,,1,system,"2016-07-20 03:09:00",system,"2016-07-20 03:09:00",1,38.6918190000000,141.1876250000000
863,19,1,2,1,(変更不可)山形市,yamagata-shi,,1,system,"2016-07-20 03:09:00",system,"2016-07-20 03:09:00",1,38.2554290000000,140.3394350000000
864,19,3,2,1,(変更不可)上山市,kaminoyama-shi,,1,system,"2016-07-20 03:09:00",system,"2016-07-20 03:09:00",1,38.1496310000000,140.2677350000000
865,19,2,2,1,(変更不可)天童市,tendo-shi,,1,system,"2016-07-20 03:09:00",system,"2016-07-20 03:09:00",1,38.3621110000000,140.3782740000000
866,19,4,2,1,(変更不可)米沢市,yonezawa-shi,,1,system,"2016-07-20 03:09:00",system,"2016-07-20 03:09:00",1,37.9221510000000,140.1169250000000
867,19,5,2,1,(変更不可)南陽市,nanyo-shi,,1,system,"2016-07-20 03:09:00",system,"2016-07-20 03:09:00",1,38.0551940000000,140.1483050000000
868,20,4,2,1,(変更不可)二本松市,nihonmatsu-shi,,1,system,"2016-07-20 03:09:00",system,"2016-07-20 03:09:00",1,37.5846960000000,140.4313570000000
869,20,1,2,1,(変更不可)福島市,fukushima-shi,,1,system,"2016-07-20 03:09:00",system,"2016-07-20 03:09:00",1,37.7607890000000,140.4738440000000
871,20,5,2,1,(変更不可)須賀川市,sukagawa-shi,,1,system,"2016-07-20 03:09:00",system,"2016-07-20 03:09:00",1,37.2866720000000,140.3727630000000
874,20,6,2,1,(変更不可)伊達市,fukushima-date-shi,,1,system,"2016-07-20 03:09:00",system,"2016-07-20 03:09:00",1,37.8190230000000,140.5628730000000
875,88,2,2,1,(変更不可)長岡市,nagaoka-shi,,1,system,"2016-07-20 03:09:00",system,"2016-07-20 03:09:00",1,37.4464520000000,138.8511050000000
876,88,3,2,1,(変更不可)上越市,joetsu-shi,,1,system,"2016-07-20 03:09:00",system,"2016-07-20 03:09:00",1,37.1479190000000,138.2361380000000
877,88,4,2,1,(変更不可)加茂市,kamo-shi,,1,system,"2016-07-20 03:09:00",system,"2016-07-20 03:09:00",1,37.6663210000000,139.0401790000000
878,88,5,2,1,(変更不可)新発田市,shibata-shi,,1,system,"2016-07-20 03:09:00",system,"2016-07-20 03:09:00",1,37.9479240000000,139.3271490000000
879,88,10,2,1,(変更不可)南魚沼市,minamiuonuma-shi,,1,system,"2016-07-20 03:09:00",system,"2016-07-20 03:09:00",1,37.0655270000000,138.8760250000000
881,88,11,2,1,(変更不可)阿賀野市,agano-shi,,1,system,"2016-07-20 03:09:00",system,"2016-07-20 03:09:00",1,37.8343610000000,139.2258770000000
885,88,14,2,1,(変更不可)五泉市,gosen-shi,,1,system,"2016-07-20 03:09:00",system,"2016-07-20 03:09:00",1,37.7445660000000,139.1824670000000
888,88,9,2,1,(変更不可)魚沼市,uonuma-shi,,1,system,"2016-07-20 03:09:00",system,"2016-07-20 03:09:00",1,37.2301200000000,138.9615110000000
890,91,1,2,1,(変更不可)甲府市,kofu-shi,,1,system,"2016-07-20 03:09:00",system,"2016-07-20 03:09:00",1,35.6620250000000,138.5682500000000
891,91,2,2,1,(変更不可)甲斐市,kai-shi,,1,system,"2016-07-20 03:09:00",system,"2016-07-20 03:09:00",1,35.6607120000000,138.5158290000000
892,91,3,2,1,(変更不可)甲州市,koshu-shi,,1,system,"2016-07-20 03:09:00",system,"2016-07-20 03:09:00",1,35.7042860000000,138.7294240000000
894,91,6,2,1,(変更不可)富士吉田市,fujiyoshida-shi,,1,system,"2016-07-20 03:09:00",system,"2016-07-20 03:09:00",1,35.4874070000000,138.8080290000000
895,91,5,2,1,(変更不可)中央市,chuo-shi,,1,system,"2016-07-20 03:09:00",system,"2016-07-20 03:09:00",1,35.5996370000000,138.5172750000000
897,92,4,2,1,(変更不可)上田市,ueda-shi,,1,system,"2016-07-20 03:09:00",system,"2016-07-20 03:09:00",1,36.4019500000000,138.2490740000000
900,160,2,2,1,(変更不可)大村市,omura-shi,,1,system,"2016-07-20 03:09:00",system,"2016-07-20 03:09:00",1,32.9000170000000,129.9582520000000
902,160,4,2,1,(変更不可)島原市,shimabara-shi,,1,system,"2016-07-20 03:09:00",system,"2016-07-20 03:09:00",1,32.7880610000000,130.3704990000000
903,160,3,2,1,(変更不可)佐世保市,sasebo-shi,,1,system,"2016-07-20 03:09:00",system,"2016-07-20 03:09:00",1,33.1798730000000,129.7154040000000
904,92,7,2,1,(変更不可)松本市,matsumoto-shi,,1,system,"2016-07-20 03:09:00",system,"2016-07-20 03:09:00",1,36.2379070000000,137.9719940000000
906,92,6,2,1,(変更不可)東御市,tomi-shi,,1,system,"2016-07-20 03:09:00",system,"2016-07-20 03:09:00",1,36.3594010000000,138.3304300000000
909,80,3,2,1,(変更不可)各務原市,kakamigahara-shi,,1,system,"2016-07-20 03:09:00",system,"2016-07-20 03:09:00",1,35.3988100000000,136.8485420000000
910,80,5,2,1,(変更不可)本巣市,motosu-shi,,1,system,"2016-07-20 03:09:00",system,"2016-07-20 03:09:00",1,35.4830460000000,136.6787980000000
911,80,4,2,1,(変更不可)羽島市,hashima-shi,,1,system,"2016-07-20 03:09:00",system,"2016-07-20 03:09:00",1,35.3199560000000,136.7033110000000
913,80,2,2,1,(変更不可)大垣市,ogaki-shi,,1,system,"2016-07-20 03:09:00",system,"2016-07-20 03:09:00",1,35.3593670000000,136.6128470000000
914,95,2,2,1,(変更不可)加賀市,kaga-shi,,1,system,"2016-07-20 03:09:00",system,"2016-07-20 03:09:00",1,36.3028020000000,136.3149410000000
916,101,1,2,1,(変更不可)福井市,fukui-shi,,1,system,"2016-07-20 03:09:00",system,"2016-07-20 03:09:00",1,36.0641890000000,136.2193740000000
917,101,2,2,1,(変更不可)越前市,echizen-shi,,1,system,"2016-07-20 03:09:00",system,"2016-07-20 03:09:00",1,35.9034040000000,136.1690240000000
918,87,2,2,1,(変更不可)伊賀市,iga-shi,,1,system,"2016-07-20 03:09:00",system,"2016-07-20 03:09:00",1,34.7685900000000,136.1299100000000
919,87,1,2,1,(変更不可)伊勢市,ise-shi,,1,system,"2016-07-20 03:09:00",system,"2016-07-20 03:09:00",1,34.4874420000000,136.7093330000000
920,87,3,2,1,(変更不可)桑名市,kuwana-shi,,1,system,"2016-07-20 03:09:00",system,"2016-07-20 03:09:00",1,35.0621520000000,136.6838220000000
921,87,4,2,1,(変更不可)津市,tsu-shi,,1,system,"2016-07-20 03:09:00",system,"2016-07-20 03:09:00",1,34.7185760000000,136.5055110000000
923,138,1,2,1,(変更不可)倉吉市,kurayoshi-shi,,1,system,"2016-07-20 03:09:00",system,"2016-07-20 03:09:00",1,35.4300370000000,133.8256020000000
925,139,2,2,1,(変更不可)大田市,ohda-shi,,1,system,"2016-07-20 03:09:00",system,"2016-07-20 03:09:00",1,35.1922090000000,132.4996230000000
926,139,1,2,1,(変更不可)出雲市,izumo-shi,,1,system,"2016-07-20 03:09:00",system,"2016-07-20 03:09:00",1,35.3670350000000,132.7546820000000
927,130,3,2,1,(変更不可)津山市,tsuyama-shi,,1,system,"2016-07-20 03:09:00",system,"2016-07-20 03:09:00",1,35.0693290000000,134.0043760000000
929,134,1,2,1,(変更不可)尾道市,onomichi-shi,,1,system,"2016-07-20 03:09:00",system,"2016-07-20 03:09:00",1,34.4088920000000,133.2049940000000
930,134,3,2,1,(変更不可)東広島市,higashihiroshima-shi,,1,system,"2016-07-20 03:09:00",system,"2016-07-20 03:09:00",1,34.4268020000000,132.7435920000000
931,134,5,2,1,(変更不可)三次市,hiroshima-miyoshi-shi,,1,system,"2016-07-20 03:09:00",system,"2016-07-20 03:09:00",1,34.8057010000000,132.8517370000000
932,140,1,2,1,(変更不可)宇部市,ube-shi,,1,system,"2016-07-20 03:09:00",system,"2016-07-20 03:09:00",1,33.9515170000000,131.2466770000000
933,140,3,2,1,(変更不可)山口市,yamaguchi-shi,,1,system,"2016-07-20 03:09:00",system,"2016-07-20 03:09:00",1,34.1783320000000,131.4739010000000
934,143,3,2,1,(変更不可)さぬき市,sanuki-shi,,1,system,"2016-07-20 03:09:00",system,"2016-07-20 03:09:00",1,34.3252780000000,134.1720780000000
935,143,6,2,1,(変更不可)三豊市,mitoyo-shi,,1,system,"2016-07-20 03:09:00",system,"2016-07-20 03:09:00",1,34.1468240000000,133.6948810000000
940,146,2,2,1,(変更不可)徳島市,tokushima-shi,,1,system,"2016-07-20 03:09:00",system,"2016-07-20 03:09:00",1,34.0701720000000,134.5547350000000
947,147,4,2,1,(変更不可)西条市,saijo-shi,,1,system,"2016-07-20 03:09:00",system,"2016-07-20 03:09:00",1,33.9195630000000,133.1812270000000
948,147,1,2,1,(変更不可)今治市,imabari-shi,,1,system,"2016-07-20 03:09:00",system,"2016-07-20 03:09:00",1,34.0660410000000,132.9976630000000
950,147,2,2,1,(変更不可)宇和島市,uwajima-shi,,1,system,"2016-07-20 03:09:00",system,"2016-07-20 03:09:00",1,33.2232120000000,132.5604930000000
963,150,2,2,1,(変更不可)香南市,konan-shi,,1,system,"2016-07-20 03:09:00",system,"2016-07-20 03:09:00",1,33.5641170000000,133.7005160000000
965,166,3,2,1,(変更不可)別府市,beppu-shi,,1,system,"2016-07-20 03:09:00",system,"2016-07-20 03:09:00",1,33.2846190000000,131.4911720000000
967,159,4,2,1,(変更不可)佐賀市,saga-shi,,1,system,"2016-07-20 03:09:00",system,"2016-07-20 03:09:00",1,33.2633760000000,130.3007710000000
968,159,1,2,1,(変更不可)伊万里市,imari-shi,,1,system,"2016-07-20 03:09:00",system,"2016-07-20 03:09:00",1,33.2647570000000,129.8808330000000
971,159,3,2,1,(変更不可)神埼市,kanzaki-shi,,1,system,"2016-07-20 03:09:00",system,"2016-07-20 03:09:00",1,33.3107350000000,130.3729850000000
973,163,1,2,1,(変更不可)天草市,amakusa-shi,,1,system,"2016-07-20 03:09:00",system,"2016-07-20 03:09:00",1,32.4586430000000,130.1930820000000
976,163,3,2,1,(変更不可)合志市,kumamoto-koshi-shi,,1,system,"2016-07-20 03:09:00",system,"2016-07-20 03:09:00",1,32.8859210000000,130.7897670000000
978,169,2,2,1,(変更不可)都城市,miyakonojo-shi,,1,system,"2016-07-20 03:09:00",system,"2016-07-20 03:09:00",1,31.7195960000000,131.0616180000000
979,172,4,2,1,(変更不可)霧島市,kirishima-shi,,1,system,"2016-07-20 03:09:00",system,"2016-07-20 03:09:00",1,31.7410310000000,130.7630610000000
980,172,5,2,1,(変更不可)曽於市,soo-shi,,1,system,"2016-07-20 03:09:00",system,"2016-07-20 03:09:00",1,31.6534900000000,131.0191820000000
981,172,2,2,1,(変更不可)出水市,kagoshima-izumi-shi,,1,system,"2016-07-20 03:09:00",system,"2016-07-20 03:09:00",1,32.0904610000000,130.3526910000000
982,172,1,2,1,(変更不可)伊佐市,isa-shi,,1,system,"2016-07-20 03:09:00",system,"2016-07-20 03:09:00",1,32.0570800000000,130.6129490000000
985,175,3,2,1,(変更不可)うるま市,uruma-shi,,1,system,"2016-07-20 03:09:00",system,"2016-07-20 03:09:00",1,26.3791870000000,127.8574270000000
986,175,2,2,1,(変更不可)浦添市,urasoe-shi,,1,system,"2016-07-20 03:09:00",system,"2016-07-20 03:09:00",1,26.2458350000000,127.7218320000000
988,175,4,2,1,(変更不可)豊見城市,tomigusuku-shi,,1,system,"2016-07-20 03:09:00",system,"2016-07-20 03:09:00",1,26.1610870000000,127.6691910000000
990,160,6,2,1,(変更不可)平戸市,hiradoshi,,1,system,"2016-07-20 03:09:00",system,"2016-07-20 03:09:00",1,33.3680450000000,129.5537730000000
9998,2,100,2,1,(変更不可)北海道テスト,hokkaido,,1,system,"2016-07-20 03:09:00",B57190,"2016-11-16 09:44:00",26,,
9999,2,101,2,1,(変更不可)青森テスト,aomori,,1,system,"2016-07-20 03:09:00",B57190,"2016-11-16 09:44:00",26,,
10000,2,102,2,1,(変更不可)青森県aomoriテスト,aomori-shi,,1,system,"2016-07-20 03:09:00",B57190,"2016-11-16 09:44:00",26,,
158,154,5,2,1,(変更不可)直方市,nogata-shi,,1,system,"2019-09-18 13:47:55",system,"2019-09-18 13:47:55",3,33.743947,130.729641
204,783,51,2,1,(変更不可)西多摩郡日の出町,hinode-machi_nishitama-gun,,1,system,"2019-09-18 13:47:55",system,"2019-09-18 13:47:55",3,35.742128,139.257401
225,50,33,2,1,(変更不可)伊勢原市,isehara-shi,,1,system,"2019-09-18 13:47:55",system,"2019-09-18 13:47:55",3,35.402876,139.314951
246,56,15,2,1,(変更不可)秩父市,chichibu-shi,,1,system,"2019-09-18 13:47:55",system,"2019-09-18 13:47:55",3,35.991682,139.085458
355,65,7,2,1,(変更不可)佐野市,sano-shi,,1,system,"2019-09-18 13:47:55",system,"2019-09-18 13:47:55",3,36.314309,139.57845
374,65,23,2,1,(変更不可)塩谷郡高根沢町,takanezawa-machi_shioya-gun,,1,system,"2019-09-18 13:47:55",system,"2019-09-18 13:47:55",3,36.630986,139.986666
375,65,25,2,1,(変更不可)那須郡那須町,nasu-machi_nasu-gun,,1,system,"2019-09-18 13:47:55",system,"2019-09-18 13:47:55",3,37.019736,140.121015
383,68,7,2,1,(変更不可)龍ケ崎市,ryugasaki-shi,,1,system,"2019-09-18 13:47:55",system,"2019-09-18 13:47:55",3,35.911607,140.18226
409,68,33,2,1,(変更不可)東茨城郡茨城町,ibaraki-machi_higashiibaraki-gun,,1,system,"2019-09-18 13:47:55",system,"2019-09-18 13:47:55",3,36.286934,140.424514
463,103,18,2,1,(変更不可)松原市,matsubara-shi,,1,system,"2019-09-18 13:47:55",system,"2019-09-18 13:47:55",3,34.577906,135.551744
478,103,34,2,1,(変更不可)三島郡島本町,shimamoto-cho_mishima-gun,,1,system,"2019-09-18 13:47:55",system,"2019-09-18 13:47:55",3,34.88383,135.663014
482,103,38,2,1,(変更不可)泉南郡熊取町,kumatori-cho_seinan-gun,,1,system,"2019-09-18 13:47:55",system,"2019-09-18 13:47:55",3,34.401326,135.35577
483,103,39,2,1,(変更不可)泉南郡田尻町,tajiri-cho_seinan-gun,,1,system,"2019-09-18 13:47:55",system,"2019-09-18 13:47:55",3,34.393788,135.291174
514,111,32,2,1,(変更不可)加古郡稲美町,inami-cho_kako-gun,,1,system,"2019-09-18 13:47:55",system,"2019-09-18 13:47:55",3,34.74839,134.913244
517,111,35,2,1,(変更不可)神崎郡福崎町,fukusaki-cho_kanzaki-gun,,1,system,"2019-09-18 13:47:55",system,"2019-09-18 13:47:55",3,34.95031,134.760224
538,117,17,2,1,(変更不可)久世郡久御山町,kumiyama-cho_kuze-gun,,1,system,"2019-09-18 13:47:55",system,"2019-09-18 13:47:55",3,34.881472,135.732642
589,123,23,2,1,(変更不可)北葛城郡広陵町,koryo-cho_kitakatsuragi-gun,,1,system,"2019-09-18 13:47:55",system,"2019-09-18 13:47:55",3,34.542811,135.750862
590,123,24,2,1,(変更不可)北葛城郡河合町,kawai-cho_kitakatsuragi-gun,,1,system,"2019-09-18 13:47:55",system,"2019-09-18 13:47:55",3,34.578467,135.736661
604,126,5,2,1,(変更不可)御坊市,gobo-shi,,1,system,"2019-09-18 13:47:55",system,"2019-09-18 13:47:55",3,33.891397,135.152374
671,83,7,2,1,(変更不可)伊東市,ito-shi,,1,system,"2019-09-18 13:47:55",system,"2019-09-18 13:47:55",3,34.965756,139.10193
682,83,18,2,1,(変更不可)湖西市,kosai-shi,,1,system,"2019-09-18 13:47:55",system,"2019-09-18 13:47:55",3,34.718551,137.531723
702,154,15,2,1,(変更不可)小郡市,ogori-shi,,1,system,"2019-09-18 13:47:55",system,"2019-09-18 13:47:55",3,33.396507,130.555579
838,56,6,2,1,(変更不可)さいたま市桜区,sakura-ku_saitama-shi,,1,system,"2019-09-18 13:47:55",system,"2019-09-18 13:47:55",3,35.856288,139.610228
843,139,3,2,1,(変更不可)松江市,matsue-shi,,1,system,"2019-09-18 13:47:55",system,"2019-09-18 13:47:55",3,35.468101,133.04853
844,87,6,2,1,(変更不可)四日市市,yokkaichi-shi,,1,system,"2019-09-18 13:47:55",system,"2019-09-18 13:47:55",3,34.965051,136.624385
846,138,2,2,1,(変更不可)鳥取市,tottori-shi,,1,system,"2019-09-18 13:47:55",system,"2019-09-18 13:47:55",3,35.501037,134.235175
884,88,13,2,1,(変更不可)村上市,murakami-shi,,1,system,"2019-09-18 13:47:55",system,"2019-09-18 13:47:55",3,38.224045,139.479992
893,91,4,2,1,(変更不可)北杜市,hokuto-shi,,1,system,"2019-09-18 13:47:55",system,"2019-09-18 13:47:55",3,35.77607,138.4235
905,92,5,2,1,(変更不可)茅野市,chino-shi,,1,system,"2019-09-18 13:47:55",system,"2019-09-18 13:47:55",3,35.995498,138.158765
924,138,3,2,1,(変更不可)米子市,yonago-shi,,1,system,"2019-09-18 13:47:55",system,"2019-09-18 13:47:55",3,35.428085,133.331006
966,166,2,2,1,(変更不可)杵築市,kitsuki-shi,,1,system,"2019-09-18 13:47:55",system,"2019-09-18 13:47:55",3,33.417003,131.616374
969,159,2,2,1,(変更不可)唐津市,karatsu-shi,,1,system,"2019-09-18 13:47:55",system,"2019-09-18 13:47:55",3,33.450018,129.968462
995,10,5,2,1,(変更不可)奥州市,"oshu-shi ",,1,system,"2019-09-18 13:47:55",system,"2019-09-18 13:47:55",3,39.144545,141.139002
996,13,6,2,1,(変更不可)角田市,kakuda-shi,,1,system,"2019-09-18 13:47:55",system,"2019-09-18 13:47:55",3,37.977162,140.781867
997,13,7,2,1,(変更不可)石巻市,ishinomaki-shi,,1,system,"2019-09-18 13:47:55",system,"2019-09-18 13:47:55",3,38.434239,141.302768
998,13,8,2,1,(変更不可)多賀城市,tagajo-shi,,1,system,"2019-09-18 13:47:55",system,"2019-09-18 13:47:55",3,38.293806,141.004333
999,13,9,2,1,(変更不可)東松島市,higashimatsushima-shi,,1,system,"2019-09-18 13:47:55",system,"2019-09-18 13:47:55",3,38.426295,141.210413
1000,16,2,2,1,(変更不可)横手市,yokote-shi,,1,system,"2019-09-18 13:47:55",system,"2019-09-18 13:47:55",3,39.313779,140.566677
1001,16,3,2,1,(変更不可)大仙市,daisen-shi,,1,system,"2019-09-18 13:47:55",system,"2019-09-18 13:47:55",3,39.453101,140.475451
1003,19,6,2,1,(変更不可)鶴岡市,tsuruoka-shi,,1,system,"2019-09-18 13:47:55",system,"2019-09-18 13:47:55",3,38.727333,139.826642
1009,87,7,2,1,(変更不可)松阪市,matsusaka-shi,,1,system,"2019-09-18 13:47:55",system,"2019-09-18 13:47:55",3,34.578009,136.527487
1012,80,6,2,1,(変更不可)多治見市,tajimi-shi,,1,system,"2019-09-18 13:47:55",system,"2019-09-18 13:47:55",3,35.332744,137.132074
1013,80,7,2,1,(変更不可)美濃加茂市,minokamo-shi,,1,system,"2019-09-18 13:47:55",system,"2019-09-18 13:47:55",3,35.440701,137.016386
1016,92,8,2,1,(変更不可)安曇野市,azumino-shi,,1,system,"2019-09-18 13:47:55",system,"2019-09-18 13:47:55",3,36.303933,137.905755
1017,92,9,2,1,(変更不可)岡谷市,okaya-shi,,1,system,"2019-09-18 13:47:55",system,"2019-09-18 13:47:55",3,36.066931,138.049384
1019,92,10,2,1,(変更不可)諏訪市,suwa-shi,,1,system,"2019-09-18 13:47:55",system,"2019-09-18 13:47:55",3,36.039158,138.114017
1021,95,4,2,1,(変更不可)野々市市,nonoichi-shi,,1,system,"2019-09-18 13:47:55",system,"2019-09-18 13:47:55",3,36.5199,136.609399
1022,98,2,2,1,(変更不可)滑川市,namerikawa-shi,,1,system,"2019-09-18 13:47:55",system,"2019-09-18 13:47:55",3,36.764436,137.341216
1023,98,3,2,1,(変更不可)魚津市,uozu-shi,,1,system,"2019-09-18 13:47:55",system,"2019-09-18 13:47:55",3,36.827376,137.409012
1024,98,4,2,1,(変更不可)高岡市,takaoka-shi,,1,system,"2019-09-18 13:47:55",system,"2019-09-18 13:47:55",3,36.754151,137.025997
1025,98,5,2,1,(変更不可)射水市,imizu-shi,,1,system,"2019-09-18 13:47:55",system,"2019-09-18 13:47:55",3,36.730463,137.075475
1026,98,6,2,1,(変更不可)砺波市,tonami-shi,,1,system,"2019-09-18 13:47:55",system,"2019-09-18 13:47:55",3,36.647497,136.962091
1027,98,7,2,1,(変更不可)氷見市,himi-shi,,1,system,"2019-09-18 13:47:55",system,"2019-09-18 13:47:55",3,36.855974,136.972874
1028,101,3,2,1,(変更不可)鯖江市,sabae-shi,,1,system,"2019-09-18 13:47:55",system,"2019-09-18 13:47:55",3,35.956591,136.184493
1029,101,4,2,1,(変更不可)敦賀市,tsuruga-shi,,1,system,"2019-09-18 13:47:55",system,"2019-09-18 13:47:55",3,35.645325,136.055546
1031,123,30,2,1,(変更不可)高市郡高取町,takatori-cho_takaichi-gun,,1,system,"2019-09-18 13:47:55",system,"2019-09-18 13:47:55",3,34.449528,135.793163
1032,130,4,2,1,(変更不可)井原市,ibara-shi,,1,system,"2019-09-18 13:47:55",system,"2019-09-18 13:47:55",3,34.597708,133.46377
1035,134,6,2,1,(変更不可)呉市,kure-shi,,1,system,"2019-09-18 13:47:55",system,"2019-09-18 13:47:55",3,34.24904,132.565945
1036,134,7,2,1,(変更不可)三原市,mihara-shi,,1,system,"2019-09-18 13:47:55",system,"2019-09-18 13:47:55",3,34.397419,133.078668
1038,134,8,2,1,(変更不可)廿日市市,hatsukaichi-shi,,1,system,"2019-09-18 13:47:55",system,"2019-09-18 13:47:55",3,34.348607,132.331519
1039,139,4,2,1,(変更不可)安来市,yasugi-shi,,1,system,"2019-09-18 13:47:55",system,"2019-09-18 13:47:55",3,35.431611,133.250845
1040,139,5,2,1,(変更不可)雲南市,unnan-shi,,1,system,"2019-09-18 13:47:55",system,"2019-09-18 13:47:55",3,35.307735,132.900317
1041,140,4,2,1,(変更不可)光市,hikari-shi,,1,system,"2019-09-18 13:47:55",system,"2019-09-18 13:47:55",3,33.961782,131.942229
1042,140,5,2,1,(変更不可)萩市,hagi-shi,,1,system,"2019-09-18 13:47:55",system,"2019-09-18 13:47:55",3,34.408113,131.399207
1043,146,6,2,1,(変更不可)阿波市,awa-shi,,1,system,"2019-09-18 13:47:55",system,"2019-09-18 13:47:55",3,34.102184,134.297304
1044,146,7,2,1,(変更不可)小松島市,komatsushima-shi,,1,system,"2019-09-18 13:47:55",system,"2019-09-18 13:47:55",3,34.004708,134.590593
1045,150,4,2,1,(変更不可)安芸市,aki-shi,,1,system,"2019-09-18 13:47:55",system,"2019-09-18 13:47:55",3,33.502379,133.907163
1046,150,5,2,1,(変更不可)香美市,kami-shi,,1,system,"2019-09-18 13:47:55",system,"2019-09-18 13:47:55",3,33.603834,133.686184
1047,159,6,2,1,(変更不可)嬉野市,ureshino-shi,,1,system,"2019-09-18 13:47:55",system,"2019-09-18 13:47:55",3,33.128331,130.059653
1049,159,5,2,1,(変更不可)鹿島市,kashima-shi,,1,system,"2019-09-18 13:47:55",system,"2019-09-18 13:47:55",3,33.104084,130.098622
1051,159,7,2,1,(変更不可)鳥栖市,tosu-shi,,1,system,"2019-09-18 13:47:55",system,"2019-09-18 13:47:55",3,33.377788,130.506002
1053,159,8,2,1,(変更不可)武雄市,takeo-shi,,1,system,"2019-09-18 13:47:55",system,"2019-09-18 13:47:55",3,33.19374,130.0191
1054,160,6,2,1,(変更不可)雲仙市,unzen-shi,,1,system,"2019-09-18 13:47:55",system,"2019-09-18 13:47:55",3,32.835111,130.18751
1055,160,7,2,1,(変更不可)松浦市,matsuura-shi,,1,system,"2019-09-18 13:47:55",system,"2019-09-18 13:47:55",3,33.34119,129.70915
1056,160,8,2,1,(変更不可)南島原市,minamishimabara-shi,,1,system,"2019-09-18 13:47:55",system,"2019-09-18 13:47:55",3,32.659738,130.297705
1057,160,9,2,1,(変更不可)諫早市,isahaya-shi,,1,system,"2019-09-18 13:47:55",system,"2019-09-18 13:47:55",3,32.84419,130.053609
1059,163,5,2,1,(変更不可)宇土市,uto-shi,,1,system,"2019-09-18 13:47:55",system,"2019-09-18 13:47:55",3,32.687437,130.65831
1060,163,6,2,1,(変更不可)菊池市,kikuchi-shi,,1,system,"2019-09-18 13:47:55",system,"2019-09-18 13:47:55",3,32.979663,130.813152
1063,163,7,2,1,(変更不可)水俣市,minamata-shi,,1,system,"2019-09-18 13:47:55",system,"2019-09-18 13:47:55",3,32.211865,130.408795
1064,163,8,2,1,(変更不可)八代市,yatsushiro-shi,,1,system,"2019-09-18 13:47:55",system,"2019-09-18 13:47:55",3,32.507589,130.601821
1065,166,4,2,1,(変更不可)佐伯市,saiki-shi,,1,system,"2019-09-18 13:47:55",system,"2019-09-18 13:47:55",3,32.960191,131.899504
1066,166,5,2,1,(変更不可)中津市,nakatsu-shi,,1,system,"2019-09-18 13:47:55",system,"2019-09-18 13:47:55",3,33.598277,131.188188
1067,166,6,2,1,(変更不可)日田市,hita-shi,,1,system,"2019-09-18 13:47:55",system,"2019-09-18 13:47:55",3,33.321136,130.941355
1068,166,7,2,1,(変更不可)豊後高田市,bungotakada-shi,,1,system,"2019-09-18 13:47:55",system,"2019-09-18 13:47:55",3,33.556173,131.447046
1069,166,8,2,1,(変更不可)由布市,yufu-shi,,1,system,"2019-09-18 13:47:55",system,"2019-09-18 13:47:55",3,33.180099,131.426761
1073,172,6,2,1,(変更不可)阿久根市,akune-shi,,1,system,"2019-09-18 13:47:55",system,"2019-09-18 13:47:55",3,32.014356,130.19262
1074,172,7,2,1,(変更不可)姶良市,aira-shi,,1,system,"2019-09-18 13:47:55",system,"2019-09-18 13:47:55",3,31.728225,130.627824
1075,172,8,2,1,(変更不可)薩摩川内市,satsumasendai-shi,,1,system,"2019-09-18 13:47:55",system,"2019-09-18 13:47:55",3,31.813211,130.304205
1076,172,9,2,1,(変更不可)鹿屋市,kanoya-shi,,1,system,"2019-09-18 13:47:55",system,"2019-09-18 13:47:55",3,31.378267,130.852208
1077,172,10,2,1,(変更不可)日置市,hioki-shi,,1,system,"2019-09-18 13:47:55",system,"2019-09-18 13:47:55",3,31.63373,130.402204
1079,2,56,2,1,(変更不可)虻田郡ニセコ町,niseko-cho_abuta-gun,,1,system,"2019-09-18 13:47:55",system,"2019-09-18 13:47:55",3,42.804822,140.68711
1080,2,57,2,1,(変更不可)虻田郡洞爺湖町,toyako-cho_abuta-gun,,1,system,"2019-09-18 13:47:55",system,"2019-09-18 13:47:55",3,42.551213,140.763992
1081,2,58,2,1,(変更不可)上川郡東川町,higashikawa-cho_kamikawa-gun,,1,system,"2019-09-18 13:47:55",system,"2019-09-18 13:47:55",3,43.698887,142.51012
1082,2,59,2,1,(変更不可)上川郡清水町,shimizu-cho_kamikawa-gun,,1,system,"2019-09-18 13:47:55",system,"2019-09-18 13:47:55",3,43.011369,142.884549
1083,2,60,2,1,(変更不可)河東郡音更町,otofuke-cho_kato-gun,,1,system,"2019-09-18 13:47:55",system,"2019-09-18 13:47:55",3,42.994198,143.197921
1084,2,61,2,1,(変更不可)日高郡新ひだか町,shinhidaka-cho_hidaka-gun,,1,system,"2019-09-18 13:47:55",system,"2019-09-18 13:47:55",3,42.341329,142.368588
1085,2,62,2,1,(変更不可)白老郡白老町,shiraoi-cho_shiraoi-gun,,1,system,"2019-09-18 13:47:55",system,"2019-09-18 13:47:55",3,42.551227,141.355877
1086,2,63,2,1,(変更不可)標津郡中標津町,nakashibetsu-cho_shibetsu-gun,,1,system,"2019-09-18 13:47:55",system,"2019-09-18 13:47:55",3,43.555234,144.971415
1087,2,64,2,1,(変更不可)夕張郡長沼町,maoi-cho_yubari-gun,,1,system,"2019-09-18 13:47:55",system,"2019-09-18 13:47:55",3,43.010361,141.695223
1088,2,65,2,1,(変更不可)余市郡仁木町,niki-cho_yoichi-gun,,1,system,"2019-09-18 13:47:55",system,"2019-09-18 13:47:55",3,43.15204,140.765632
1089,2,66,2,1,(変更不可)余市郡余市町,yoichi-cho_yoichi-gun,,1,system,"2019-09-18 13:47:55",system,"2019-09-18 13:47:55",3,43.195354,140.783538
1090,7,8,2,1,(変更不可)上北郡おいらせ町,oirase-cho_kamikita-gun,,1,system,"2019-09-18 13:47:55",system,"2019-09-18 13:47:55",3,40.599099,141.397745
1091,7,9,2,1,(変更不可)上北郡七戸町,shichinohe-machi_kamikita-gun,,1,system,"2019-09-18 13:47:55",system,"2019-09-18 13:47:55",3,40.744722,141.15798
1092,10,7,2,1,(変更不可)紫波郡矢巾町,yahaba-cho_shiwa-gun,,1,system,"2019-09-18 13:47:55",system,"2019-09-18 13:47:55",3,39.606004,141.143006
1093,13,11,2,1,(変更不可)黒川郡大和町,taiwa-cho_kurokawa-gun,,1,system,"2019-09-18 13:47:55",system,"2019-09-18 13:47:55",3,38.437354,140.886317
1094,20,10,2,1,(変更不可)石川郡石川町,ishikawa-machi_ishikawa-gun,,1,system,"2019-09-18 13:47:55",system,"2019-09-18 13:47:55",3,37.157074,140.446934
1095,20,11,2,1,(変更不可)西白河郡矢吹町,yabuki-machi_nishishirakawa-gun,,1,system,"2019-09-18 13:47:55",system,"2019-09-18 13:47:55",3,37.201287,140.338605
1096,20,12,2,1,(変更不可)東白川郡棚倉町,tanagura-machi_higashishirakawa-gun,,1,system,"2019-09-18 13:47:55",system,"2019-09-18 13:47:55",3,37.029887,140.379656
1097,19,9,2,1,(変更不可)西村山郡河北町,kahoku-cho_nishimurayama-gun,,1,system,"2019-09-18 13:47:55",system,"2019-09-18 13:47:55",3,38.426316,140.314293
1098,19,10,2,1,(変更不可)東村山郡中山町,nakayama-machi_higashimurayama-gun,,1,system,"2019-09-18 13:47:55",system,"2019-09-18 13:47:55",3,38.333126,140.283023
1099,91,9,2,1,(変更不可)南都留郡忍野村,oshino-mura_minamitsuru-gun,,1,system,"2019-09-18 13:47:55",system,"2019-09-18 13:47:55",3,35.460082,138.847845
1100,91,10,2,1,(変更不可)中巨摩郡昭和町,showa-cho_nakakoma-gun,,1,system,"2019-09-18 13:47:55",system,"2019-09-18 13:47:55",3,35.627944,138.53514
1101,83,29,2,1,(変更不可)周智郡森町,mori-machi_syuchi-gun,,1,system,"2019-09-18 13:47:55",system,"2019-09-18 13:47:55",3,34.835563,137.92709
1102,83,30,2,1,(変更不可)賀茂郡南伊豆町,minamiizu-cho_kamo-gun,,1,system,"2019-09-18 13:47:55",system,"2019-09-18 13:47:55",3,34.651198,138.858573
1103,83,31,2,1,(変更不可)賀茂郡松崎町,matsuzaki-cho_kamo-gun,,1,system,"2019-09-18 13:47:55",system,"2019-09-18 13:47:55",3,34.752734,138.778471
1104,83,32,2,1,(変更不可)駿東郡清水町,shimizu-cho_sunto-gun,,1,system,"2019-09-18 13:47:55",system,"2019-09-18 13:47:55",3,35.099033,138.902709
1105,74,44,2,1,(変更不可)海部郡蟹江町,kanie-cho_ama-gun,,1,system,"2019-09-18 13:47:55",system,"2019-09-18 13:47:55",3,35.132347,136.786772
1106,74,45,2,1,(変更不可)知多郡美浜町,mihama-cho_chita-gun,,1,system,"2019-09-18 13:47:55",system,"2019-09-18 13:47:55",3,34.778849,136.908245
1107,74,46,2,1,(変更不可)丹羽郡扶桑町,fuso-cho_niwa-gun,,1,system,"2019-09-18 13:47:55",system,"2019-09-18 13:47:55",3,35.359146,136.913076
1108,87,9,2,1,(変更不可)多気郡大台町,odai-cho_taki-gun,,1,system,"2019-09-18 13:47:55",system,"2019-09-18 13:47:55",3,34.393296,136.40809
1109,80,12,2,1,(変更不可)養老郡養老町,yoro-cho_yoro-gun,,1,system,"2019-09-18 13:47:55",system,"2019-09-18 13:47:55",3,35.30849,136.561348
1110,80,13,2,1,(変更不可)加茂郡坂祝町,sakahogi-cho_kamo-gun,,1,system,"2019-09-18 13:47:55",system,"2019-09-18 13:47:55",3,35.426726,136.98544
1111,80,14,2,1,(変更不可)不破郡垂井町,tarui-cho_fuwa-gun,,1,system,"2019-09-18 13:47:55",system,"2019-09-18 13:47:55",3,35.370297,136.527047
1112,80,15,2,1,(変更不可)本巣郡北方町,kitagata-cho_motosu-gun,,1,system,"2019-09-18 13:47:55",system,"2019-09-18 13:47:55",3,35.435782,136.684339
1113,88,18,2,1,(変更不可)南蒲原郡田上町,tagami-machi_minamikambara-gun,,1,system,"2019-09-18 13:47:55",system,"2019-09-18 13:47:55",3,37.698874,139.057981
1114,88,19,2,1,(変更不可)南魚沼郡湯沢町,yuzawa-machi_minamiuonuma-gun,,1,system,"2019-09-18 13:47:55",system,"2019-09-18 13:47:55",3,36.934052,138.817455
1115,92,12,2,1,(変更不可)諏訪郡下諏訪町,shimosuwa-machi_suwa-gun,,1,system,"2019-09-18 13:47:55",system,"2019-09-18 13:47:55",3,36.069545,138.080151
1116,95,6,2,1,(変更不可)河北郡内灘町,uchinada-machi_kahoku-gun,,1,system,"2019-09-18 13:47:55",system,"2019-09-18 13:47:55",3,36.653536,136.645119
1127,130,7,2,1,(変更不可)苫田郡鏡野町,kagamino-cho_tomada-gun,,1,system,"2019-09-18 13:47:55",system,"2019-09-18 13:47:55",3,35.091828,133.932908
1128,130,8,2,1,(変更不可)小田郡矢掛町,yakage-cho_oda-gun,,1,system,"2019-09-18 13:47:55",system,"2019-09-18 13:47:55",3,34.627565,133.58711
1129,134,11,2,1,(変更不可)安芸郡府中町,fuchu-cho_aki-gun,,1,system,"2019-09-18 13:47:55",system,"2019-09-18 13:47:55",3,34.392601,132.504542
1130,134,12,2,1,(変更不可)山県郡北広島町,kitahiroshima-cho_yamagata-gun,,1,system,"2019-09-18 13:47:55",system,"2019-09-18 13:47:55",3,34.674546,132.538416
1131,146,11,2,1,(変更不可)海部郡美波町,minami-cho_kaifu-gun,,1,system,"2019-09-18 13:47:55",system,"2019-09-18 13:47:55",3,33.734575,134.535412
1132,146,12,2,1,(変更不可)海部郡牟岐町,mugi-cho_kaifu-gun,,1,system,"2019-09-18 13:47:55",system,"2019-09-18 13:47:55",3,33.668047,134.420701
1133,146,13,2,1,(変更不可)海部郡海陽町,kaiyo-cho_kaifu-gun,,1,system,"2019-09-18 13:47:55",system,"2019-09-18 13:47:55",3,33.602032,134.352034
1134,147,16,2,1,(変更不可)南宇和郡愛南町,ainan-cho_minamiuwa-gun,,1,system,"2019-09-18 13:47:55",system,"2019-09-18 13:47:55",3,32.962171,132.583321
1135,150,8,2,1,(変更不可)長岡郡大豊町,otoyo-cho_nagaoka-gun,,1,system,"2019-09-18 13:47:55",system,"2019-09-18 13:47:55",3,33.768566,133.642961
1136,154,41,2,1,(変更不可)遠賀郡遠賀町,onga-cho_onga-gun,,1,system,"2019-09-18 13:47:55",system,"2019-09-18 13:47:55",3,33.847998,130.668448
1137,154,42,2,1,(変更不可)京都郡苅田町,kanda-machi_miyako-gun,,1,system,"2019-09-18 13:47:55",system,"2019-09-18 13:47:55",3,33.776019,130.980445
1138,154,43,2,1,(変更不可)糟屋郡新宮町,shingu-machi_kasuya-gun,,1,system,"2019-09-18 13:47:55",system,"2019-09-18 13:47:55",3,33.715339,130.446575
1139,154,44,2,1,(変更不可)糟屋郡粕屋町,kasuya-machi_kasuya-gun,,1,system,"2019-09-18 13:47:55",system,"2019-09-18 13:47:55",3,33.610827,130.480346
1140,154,45,2,1,(変更不可)築上郡築上町,chikujo-machi_chikujo-gun,,1,system,"2019-09-18 13:47:55",system,"2019-09-18 13:47:55",3,33.656149,131.056039
1141,154,46,2,1,(変更不可)那珂川市,nakagawa-shi,,1,system,"2019-09-18 13:47:55",system,"2019-09-18 13:47:55",3,33.499599,130.422153
1142,159,14,2,1,(変更不可)杵島郡大町町,omachi-cho_kishima-gun,,1,system,"2019-09-18 13:47:55",system,"2019-09-18 13:47:55",3,33.213772,130.116094
1143,159,15,2,1,(変更不可)西松浦郡有田町,arita-cho_nishimatsuura-gun,,1,system,"2019-09-18 13:47:55",system,"2019-09-18 13:47:55",3,33.210579,129.849011
1144,159,16,2,1,(変更不可)三養基郡基山町,kiyama-cho_miyaki-gun,,1,system,"2019-09-18 13:47:55",system,"2019-09-18 13:47:55",3,33.427007,130.523156
1145,159,17,2,1,(変更不可)神埼郡吉野ヶ里町,yoshinogari-cho_kanzaki-gun,,1,system,"2019-09-18 13:47:55",system,"2019-09-18 13:47:55",3,33.321163,130.398744
1146,159,18,2,1,(変更不可)東松浦郡玄海町,genkai-cho_higashimatsuura-gun,,1,system,"2019-09-18 13:47:55",system,"2019-09-18 13:47:55",3,33.472169,129.874687
1147,160,11,2,1,(変更不可)西彼杵郡時津町,togitsu-cho_nishisonogi-gun,,1,system,"2019-09-18 13:47:55",system,"2019-09-18 13:47:55",3,32.828713,129.8485
1148,163,13,2,1,(変更不可)阿蘇郡西原村,nishihara-mura_aso-gun,,1,system,"2019-09-18 13:47:55",system,"2019-09-18 13:47:55",3,32.834827,130.902991
1149,163,14,2,1,(変更不可)阿蘇郡南阿蘇村,minamiaso-mura-aso-gun,,1,system,"2019-09-18 13:47:55",system,"2019-09-18 13:47:55",3,32.845119,131.017759
1150,163,15,2,1,(変更不可)球磨郡多良木町,taragi-machi_kuma-gun,,1,system,"2019-09-18 13:47:55",system,"2019-09-18 13:47:55",3,32.26381,130.935641
1151,163,16,2,1,(変更不可)上益城郡嘉島町,kashima-machi_kamimashiki-gun,,1,system,"2019-09-18 13:47:55",system,"2019-09-18 13:47:55",3,32.740086,130.75726
1152,169,8,2,1,(変更不可)西諸県郡高原町,takaharu-cho_nishimorokata-gun,,1,system,"2019-09-18 13:47:55",system,"2019-09-18 13:47:55",3,31.928428,131.007889
1153,169,9,2,1,(変更不可)東臼杵郡門川町,kadogawa-cho_higashiusuki-gun,,1,system,"2019-09-18 13:47:55",system,"2019-09-18 13:47:55",3,32.469796,131.648722
1154,169,10,2,1,(変更不可)北諸県郡三股町,mimata-cho_kitamorokata-gun,,1,system,"2019-09-18 13:47:55",system,"2019-09-18 13:47:55",3,31.730696,131.124918
1155,175,9,2,1,(変更不可)中頭郡西原町,nishihara-cho_nakagami-gun,,1,system,"2019-09-18 13:47:55",system,"2019-09-18 13:47:55",3,26.222845,127.758817
1156,175,10,2,1,(変更不可)中頭郡北中城村,kitanakagusuku-son_nakagami-gun,,1,system,"2019-09-18 13:47:55",system,"2019-09-18 13:47:55",3,26.301046,127.793037
